1785167249813,Sing,alice
1785167249814,Dance,Bat
1785167249814,Sing,bear
1785167249815,Sing,brice
1785167249923,Dance,Ant
1785167250337,Explore,Bee
1785167251625,Talk,Bat;Ant
1785167252146,Walk,bear
1785167252147,Walk,brice
1785167252576,Exercise,Bee
1785167252685,Explore,alice
1785167253753,Exercise,Ant
1785167254070,Walk,Bat
1785167254287,Exercise,bear
1785167254402,Exercise,brice
1785167254732,Exercise,Bee
1785167255053,Sing,alice
1785167256121,Walk,Ant
1785167256433,Play,Bat
1785167256634,Walk,bear
1785167256745,Walk,brice
1785167257178,Sing,Bee
1785167257399,Dance,alice
1785167258489,Sing,Ant
1785167258590,Exercise,Bat
1785167258812,Exercise,bear
1785167259242,Walk,brice
1785167259558,Play,Bee
1785167259559,Exercise,alice
1785167260412,Talk,Ant;Bee
1785167260923,Play,Bat
1785167261135,Play,bear
1785167261570,Play,brice
1785167261990,Sing,alice
1785167262201,Talk,Ant;brice
1785167262734,Dance,Bee
1785167263478,Play,bear
1785167263901,Explore,Bat
1785167264335,Sing,alice
1785167264336,Exercise,brice
1785167264564,Dance,Ant
1785167265615,Explore,Bee
1785167265824,Walk,bear
1785167266244,Sing,Bat
1785167266660,Walk,brice
1785167266660,Exercise,Ant
1785167267201,Explore,alice
1785167267957,Sing,Bee
1785167268169,Sing,bear
1785167268595,Walk,Bat
1785167268912,Exercise,Ant
1785167269023,Play,brice
1785167269329,Exercise,alice
1785167270509,Play,bear
1785167270835,Explore,Bee
1785167271046,Sing,Bat
1785167271149,Exercise,brice
1785167271358,Walk,Ant
1785167271679,Walk,alice
1785167272934,Dance,bear
1785167272935,Exercise,Bee
1785167273377,Play,Bat
1785167273815,Dance,Ant
1785167274033,Explore,brice
1785167274034,Dance,alice
1785167274771,Fight,Bee;Bat
1785167275079,Exercise,bear
1785167275923,Fight,alice;Bat
1785167276136,Walk,Ant
1785167276889,Explore,brice
1785167277201,Walk,Bee
1785167277401,Play,bear
1785167278244,Play,Bat
1785167278353,Sing,alice
1785167278460,Play,Ant
1785167278679,Fight,brice;bear
1785167279512,Play,Bee
1785167280568,Dance,Bat
1785167280675,Play,alice
1785167280782,Play,Ant
1785167281100,Sing,brice
1785167281305,Sing,bear
1785167281834,Walk,Bee
1785167282479,Talk,alice;Bee
1785167282909,Dance,Bat
1785167283134,Walk,Ant
1785167283234,Exercise,brice
1785167283444,Exercise,bear
1785167284800,Sing,alice
1785167284906,Play,Bee
1785167284907,Fight,Ant;bear
1785167285230,Sing,Bat
1785167286183,Explore,brice
1785167286633,Fight,alice;Bat
1785167287277,Play,Ant
1785167287278,Walk,Bee
1785167287383,Walk,bear
1785167288769,Exercise,alice
1785167288980,Sing,Bat
1785167289090,Explore,brice
1785167289513,Exercise,bear
1785167289623,Sing,Bee
1785167289733,Dance,Ant
1785167290779,Talk,Bat;brice
1785167291091,Play,alice
1785167291843,Exercise,Ant
1785167291945,Sing,bear
1785167291946,Walk,Bee
1785167292598,Fight,Bat;alice
1785167292599,Talk,brice;Bee
1785167293680,Talk,Ant;Bat
1785167294337,Walk,bear
1785167295091,Dance,Bee
1785167295092,Walk,brice
1785167295523,Explore,alice
1785167296154,Sing,Ant
1785167296270,Dance,Bat
1785167296591,Exercise,bear
1785167297546,Play,Bee
1785167298200,Explore,brice
1785167298415,Explore,alice
1785167298520,Dance,Ant
1785167299145,Explore,Bat
1785167299464,Explore,bear
1785167299889,Sing,Bee
1785167300504,Sing,brice
1785167300710,Play,alice
1785167300815,Play,Ant
1785167301223,Exercise,Bat
1785167301744,Dance,bear
1785167302155,Walk,Bee
1785167302789,Dance,brice
1785167303100,Sing,Ant
1785167303534,Explore,alice
1785167303534,Sing,Bat
1785167304471,Dance,Bee
1785167304578,Explore,bear
1785167304900,Exercise,brice
1785167305966,Explore,Ant
1785167306078,Dance,Bat
1785167306389,Explore,alice
1785167306713,Exercise,Bee
1785167306941,Play,bear
1785167307048,Exercise,brice
1785167308238,Exercise,Bat
1785167308349,Play,Ant
1785167308766,Sing,alice
1785167309088,Dance,Bee
1785167309088,Exercise,bear
1785167309404,Sing,brice
1785167310599,Sing,Bat
1785167310701,Play,Ant
1785167310922,Exercise,alice
1785167311490,Sing,bear
1785167311490,Sing,Bee
1785167311820,Play,brice
1785167313000,Play,Bat
1785167313322,Dance,alice
1785167313630,Explore,Ant
1785167313950,Sing,Bee
1785167314156,Sing,brice
1785167314382,Explore,bear
1785167315655,Dance,alice
1785167315867,Explore,Bat
1785167315967,Sing,Ant
1785167316281,Walk,Bee
1785167316282,Exercise,brice
1785167316699,Walk,bear
1785167317954,Play,alice
1785167317955,Exercise,Bat
1785167318156,Exercise,Ant
1785167318582,Sing,Bee
1785167318582,Walk,brice
1785167319010,Play,bear
1785167319966,Talk,Ant;bear
1785167320276,Walk,Bat
1785167320501,Dance,alice
1785167321031,Walk,Bee
1785167321547,Explore,brice
1785167322077,Fight,Bat;alice
1785167322288,Sing,bear
1785167322810,Explore,Ant
1785167323878,Explore,Bee
1785167323879,Play,brice
1785167324414,Play,alice
1785167324415,Play,Bat
1785167324415,Exercise,bear
1785167325154,Sing,Ant
1785167326200,Dance,Bee
1785167326201,Dance,brice
1785167326734,Sing,bear
1785167326948,Sing,Bat
1785167327261,Explore,alice
1785167327489,Play,Ant
1785167328464,Exercise,Bee
1785167328566,Sing,brice
1785167328566,Fight,bear;Ant
1785167329303,Walk,Bat
1785167329621,Exercise,alice
1785167330269,Fight,Bee;Bat
1785167330377,Talk,Ant;alice
1785167330698,Exercise,brice
1785167330907,Play,bear
1785167332509,Exercise,alice
1785167332609,Walk,Bee
1785167332713,Dance,Ant
1785167332713,Sing,Bat
1785167333032,Walk,brice
1785167333241,Play,bear
1785167334635,Exercise,alice
1785167335055,Walk,Ant
1785167335055,Sing,Bat
1785167335156,Play,Bee
1785167335373,Walk,brice
1785167335580,Play,bear
1785167336956,Dance,alice
1785167337365,Sing,Ant
1785167337366,Play,Bat
1785167337677,Dance,brice
1785167337978,Explore,Bee
1785167338513,Explore,bear
1785167339680,Walk,Ant
1785167339681,Sing,Bat
1785167339783,Explore,alice
1785167340006,Sing,brice
1785167340324,Play,Bee
1785167341377,Explore,bear
1785167341999,Play,Ant
1785167342100,Sing,alice
1785167342532,Explore,Bat
1785167342634,Walk,Bee
1785167342850,Explore,brice
1785167343683,Sing,bear
1785167344314,Play,Ant
1785167344421,Dance,alice
1785167344845,Dance,Bat
1785167344946,Sing,Bee
1785167344947,Exercise,brice
1785167346023,Dance,bear
1785167346666,Dance,Ant
1785167347089,Exercise,Bee
1785167347192,Dance,Bat
1785167347306,Play,brice
1785167347426,Explore,alice
1785167348393,Play,bear
1785167348839,Exercise,Ant
1785167349495,Dance,Bee
1785167349599,Play,Bat
1785167349701,Dance,brice
1785167350465,Explore,alice
1785167350779,Walk,bear
1785167351195,Dance,Ant
1785167351304,Talk,Bee;brice
1785167351714,Exercise,Bat
1785167352771,Play,alice
1785167352874,Exercise,bear
1785167353709,Sing,Ant
1785167354128,Explore,Bee
1785167354128,Explore,brice
1785167354128,Walk,Bat
1785167354988,Exercise,alice
1785167355192,Walk,bear
1785167356361,Exercise,Bee
1785167356570,Explore,Ant
1785167356571,Sing,Bat
1785167356993,Explore,brice
1785167357319,Walk,alice
1785167357535,Sing,bear
1785167358694,Walk,Bee
1785167358695,Exercise,Bat
1785167359434,Explore,Ant
1785167359435,Walk,brice
1785167359645,Sing,alice
1785167359646,Exercise,bear
1785167361009,Sing,Bat
1785167361010,Walk,Bee
1785167361743,Play,Ant
1785167361744,Play,brice
1785167361954,Sing,alice
1785167362054,Play,bear
1785167363832,Explore,Bat
1785167363833,Explore,Bee
1785167364045,Play,Ant
1785167364145,Exercise,bear
1785167364262,Sing,alice
1785167364566,Explore,brice
1785167366265,Dance,Bee
1785167366587,Dance,alice
1785167366688,Explore,Bat
1785167366998,Explore,Ant
1785167366998,Explore,bear
1785167366999,Dance,brice
1785167368966,Walk,alice
1785167369078,Dance,Bat
1785167369181,Explore,Bee
1785167369386,Dance,Ant
1785167369387,Play,brice
1785167369710,Dance,bear
1785167370964,Fight,Bee;bear
1785167371365,Sing,Bat
1785167371672,Sing,brice
1785167371777,Explore,alice
1785167372196,Explore,Ant
1785167373246,Walk,bear
1785167373247,Walk,Bee
1785167373678,Sing,Bat
1785167374016,Sing,brice
1785167374120,Sing,alice
1785167374554,Play,Ant
1785167375401,Exercise,Bee
1785167375618,Play,bear
1785167376143,Play,Bat
1785167376358,Exercise,brice
1785167376576,Play,alice
1785167377512,Explore,Ant
1785167377728,Dance,Bee
1785167377948,Dance,bear
1785167378575,Sing,Bat
1785167378910,Walk,alice
1785167379420,Explore,brice
1785167379832,Sing,Ant
1785167380034,Exercise,bear
1785167380244,Play,Bee
1785167380899,Walk,Bat
1785167381010,Exercise,alice
1785167381736,Sing,brice
1785167382154,Walk,Ant
1785167382155,Exercise,bear
1785167382579,Sing,Bee
1785167382790,Fight,alice;bear
1785167383318,Play,Bat
1785167384265,Exercise,Ant
1785167384699,Explore,brice
1785167384699,Exercise,Bee
1785167385125,Walk,bear
1785167385647,Explore,alice
1785167385647,Walk,Bat
1785167386599,Dance,Ant
1785167387018,Walk,Bee
1785167387018,Dance,brice
1785167387964,Explore,bear
1785167387965,Play,Bat
1785167388477,Explore,alice
1785167389303,Walk,Bee
1785167389304,Play,brice
1785167389408,Explore,Ant
1785167390243,Walk,Bat
1785167390244,Walk,bear
1785167391302,Explore,alice
1785167391613,Dance,brice
1785167392142,Explore,Bee
1785167392243,Explore,Ant
1785167392567,Sing,bear
1785167393093,Explore,Bat
1785167393620,Sing,alice
1785167393942,Play,brice
1785167394898,Play,bear
1785167394998,Explore,Bee
1785167395203,Explore,Ant
1785167395427,Walk,Bat
1785167395969,Walk,alice
1785167396284,Sing,brice
1785167397142,Exercise,Bee
1785167397243,Play,bear
1785167397564,Sing,Ant
1785167398318,Explore,Bat
1785167398319,Dance,alice
1785167398631,Walk,brice
1785167399491,Play,Bee
1785167399491,Exercise,bear
1785167399910,Walk,Ant
1785167400432,Exercise,Bat
1785167400433,Talk,brice;bear
1785167401176,Explore,alice
1785167401815,Walk,Bee
1785167402236,Play,Ant
1785167402778,Walk,Bat
1785167402778,Dance,brice
1785167403297,Explore,bear
1785167404011,Explore,alice
1785167404124,Dance,Bee
1785167404561,Dance,Ant
1785167404866,Exercise,Bat
1785167405290,Sing,brice
1785167405603,Dance,bear
1785167405904,Talk,Bee;brice
1785167406115,Exercise,alice
1785167406844,Dance,Ant
1785167407165,Dance,Bat
1785167407386,Fight,bear;brice
1785167407712,Talk,Bee;alice
1785167408971,Exercise,Ant
1785167409687,Play,bear
1785167409797,Sing,brice
1785167410000,Sing,Bee
1785167410110,Explore,Bat
1785167410210,Play,alice
1785167411270,Dance,Ant
1785167412108,Walk,bear
1785167412108,Sing,brice
1785167412109,Exercise,Bee
1785167412548,Sing,alice
1785167412659,Dance,Bat
1785167413620,Play,Ant
1785167414244,Talk,Bee;Bat
1785167414458,Walk,bear
1785167414459,Sing,brice
1785167414879,Dance,alice
1785167416466,Explore,Ant
1785167416575,Walk,Bat
1785167416576,Dance,Bee
1785167416887,Play,brice
1785167417098,Exercise,alice
1785167417318,Explore,bear
1785167418786,Walk,Ant
1785167418887,Dance,Bee
1785167418999,Exercise,brice
1785167419109,Dance,Bat
1785167419645,Sing,alice
1785167420190,Explore,bear
1785167421144,Exercise,brice
1785167421356,Sing,Ant
1785167421357,Dance,Bee
1785167421464,Sing,Bat
1785167422008,Dance,alice
1785167422553,Dance,bear
1785167423503,Exercise,Bee
1785167423608,Walk,brice
1785167423714,Sing,Ant
1785167424358,Explore,Bat
1785167424359,Sing,alice
1785167424899,Walk,bear
1785167426021,Walk,brice
1785167426131,Sing,Ant
1785167426348,Explore,Bee
1785167426457,Exercise,Bat
1785167427206,Explore,alice
1785167427736,Explore,bear
1785167428378,Sing,brice
1785167428490,Walk,Ant
1785167428798,Sing,Bee
1785167429325,Explore,Bat
1785167429532,Fight,bear;Bee
1785167429636,Dance,alice
1785167430704,Walk,brice
1785167430804,Dance,Ant
1785167431853,Walk,Bee
1785167432068,Sing,alice
1785167432176,Explore,Bat
1785167432380,Explore,bear
1785167433124,Play,Ant
1785167433124,Walk,brice
1785167434153,Play,Bee
1785167434475,Play,alice
1785167434476,Play,Bat
1785167434689,Sing,bear
1785167435426,Sing,Ant
1785167435426,Walk,brice
1785167436286,Exercise,Bee
1785167436613,Exercise,Bat
1785167436829,Sing,alice
1785167437035,Play,bear
1785167437562,Exercise,Ant
1785167438299,Explore,brice
1785167438608,Dance,Bee
1785167439122,Play,alice
1785167439340,Sing,bear
1785167439554,Explore,Bat
1785167439981,Play,Ant
1785167440394,Exercise,brice
1785167440910,Walk,Bee
1785167441230,Talk,bear;Bat
1785167441541,Dance,alice
1785167442067,Exercise,Ant
1785167442486,Exercise,brice
1785167443106,Exercise,Bee
1785167443522,Walk,Bat
1785167443522,Walk,bear
1785167443831,Sing,alice
1785167444242,Fight,brice;Bee
1785167444345,Sing,Ant
1785167445583,Exercise,Bat
1785167445790,Dance,bear
1785167446319,Exercise,Bee
1785167446533,Walk,brice
1785167446635,Explore,alice
1785167446635,Sing,Ant
1785167447375,Fight,Bat;bear
1785167448555,Fight,alice;Bat
1785167448656,Sing,Bee
1785167448869,Play,brice
1785167448975,Dance,Ant
1785167449713,Dance,bear
1785167450350,Fight,alice;Ant
1785167450886,Sing,Bat
1785167451097,Sing,Bee
1785167451197,Dance,brice
1785167452050,Sing,bear
1785167452676,Sing,alice
1785167452676,Play,Ant
1785167452676,Fight,Bat;brice
1785167453418,Walk,Bee
1785167454452,Sing,bear
1785167454761,Exercise,brice
1785167454964,Sing,alice
1785167454964,Walk,Ant
1785167454964,Dance,Bat
1785167455920,Play,Bee
1785167456748,Walk,bear
1785167457177,Play,brice
1785167457284,Sing,alice
1785167457285,Play,Ant
1785167457285,Sing,Bat
1785167457716,Talk,Bee;bear
1785167459110,Fight,Ant;bear
1785167459432,Exercise,alice
1785167459545,Walk,brice
1785167459775,Dance,Bat
1785167460087,Dance,Bee
1785167461462,Dance,Ant
1785167461463,Sing,bear
1785167461675,Exercise,brice
1785167462310,Explore,alice
1785167462419,Play,Bee
1785167462743,Explore,Bat
1785167463475,Talk,brice;alice
1785167463575,Exercise,Ant
1785167463879,Dance,bear
1785167464722,Play,Bee
1785167465042,Play,Bat
1785167465932,Dance,Ant
1785167466255,Walk,bear
1785167466366,Explore,alice
1785167466367,Explore,brice
1785167466991,Exercise,Bee
1785167467514,Sing,Bat
1785167468364,Dance,Ant
1785167468475,Exercise,alice
1785167468575,Sing,bear
1785167468686,Sing,brice
1785167469316,Walk,Bee
1785167469833,Walk,Bat
1785167470146,Talk,Ant;Bee
1785167470786,Sing,alice
1785167470889,Walk,bear
1785167470998,Dance,brice
1785167472175,Play,Bat
1785167472497,Dance,Bee
1785167472609,Play,Ant
1785167472609,Talk,alice;bear
1785167473986,Explore,brice
1785167474301,Exercise,Bat
1785167474719,Exercise,alice
1785167474831,Sing,Bee
1785167474942,Play,bear
1785167475053,Dance,Ant
1785167476333,Dance,brice
1785167476653,Play,Bat
1785167477070,Walk,alice
1785167477285,Play,bear
1785167477286,Dance,Bee
1785167478035,Explore,Ant
1785167478986,Walk,Bat
1785167479186,Explore,brice
1785167479394,Dance,alice
1785167479598,Play,bear
1785167479598,Walk,Bee
1785167480324,Play,Ant
1785167481283,Sing,Bat
1785167481511,Dance,brice
1785167481732,Walk,alice
1785167481947,Sing,Bee
1785167482478,Explore,bear
1785167482686,Dance,Ant
1785167483642,Walk,Bat
1785167483642,Exercise,brice
1785167484064,Walk,alice
1785167484274,Walk,Bee
1785167484801,Dance,bear
1785167485013,Dance,Ant
1785167485434,Talk,Bat;alice
1785167485953,Walk,brice
1785167486465,Exercise,Bee
1785167486780,Fight,Ant;Bat
1785167487317,Walk,bear
1785167487752,Play,alice
1785167488288,Play,brice
1785167488808,Dance,Bee
1785167488931,Exercise,Ant
1785167489252,Walk,Bat
1785167489678,Walk,bear
1785167490098,Dance,alice
1785167490731,Fight,Ant;bear
1785167490830,Play,brice
1785167491139,Sing,Bee
1785167491571,Play,Bat
1785167493053,Sing,bear
1785167493162,Explore,alice
1785167493268,Dance,brice
1785167493269,Exercise,Bee
1785167493586,Explore,Ant
1785167493888,Dance,Bat
1785167495344,Walk,bear
1785167495453,Walk,alice
1785167495565,Play,Bee
1785167495887,Sing,Ant
1785167496090,Explore,brice
1785167496197,Play,Bat
1785167497285,Fight,alice;Bee
1785167497715,Play,bear
1785167498141,Exercise,Ant
1785167498459,Dance,brice
1785167498565,Walk,Bat
1785167499107,Talk,Bee;bear
1785167499646,Walk,alice
1785167500509,Sing,Ant
1785167500619,Exercise,brice
1785167501271,Exercise,Bee
1785167501486,Explore,Bat
1785167502008,Sing,alice
1785167502119,Explore,bear
1785167502646,Exercise,Ant
1785167502970,Play,brice
1785167503630,Play,Bee
1785167503830,Sing,Bat
1785167504153,Exercise,alice
1785167504253,Exercise,bear
1785167505219,Sing,Ant
1785167505983,Explore,brice
1785167505984,Dance,Bee
1785167506196,Dance,Bat
1785167506414,Exercise,bear
1785167506521,Play,alice
1785167507046,Fight,Ant;bear
1785167508119,Exercise,Bee
1785167508464,Play,brice
1785167508565,Dance,Bat
1785167508982,Sing,alice
1785167509413,Sing,Ant
1785167509957,Explore,bear
1785167509958,Talk,Bee;Bat
1785167511312,Walk,alice
1785167511517,Explore,brice
1785167511730,Sing,Ant
1785167512252,Dance,bear
1785167512253,Dance,Bee
1785167512768,Explore,Bat
1785167513609,Play,alice
1785167513823,Dance,brice
1785167514033,Sing,Ant
1785167514574,Play,bear
1785167514575,Play,Bee
1785167515092,Dance,Bat
1785167515730,Fight,brice;Bee
1785167515940,Dance,alice
1785167516461,Dance,Ant
1785167516887,Walk,bear
1785167517446,Play,Bat
1785167518078,Play,Bee
1785167518079,Play,brice
1785167518406,Sing,alice
1785167518832,Play,Ant
1785167519269,Walk,bear
1785167519888,Sing,Bat
1785167520720,Walk,alice
1785167520930,Explore,Bee
1785167520931,Explore,brice
1785167521153,Walk,Ant
1785167521696,Play,bear
1785167522022,Exercise,Bat
1785167523274,Sing,Bee
1785167523475,Play,Ant
1785167523575,Explore,alice
1785167523786,Explore,brice
1785167523989,Play,bear
1785167524311,Walk,Bat
1785167525587,Walk,Bee
1785167525796,Play,Ant
1785167525897,Walk,alice
1785167525897,Exercise,brice
1785167526301,Play,bear
1785167526830,Dance,Bat
1785167527570,Fight,Ant;brice
1785167527903,Play,Bee
1785167528314,Sing,alice
1785167528631,Sing,bear
1785167529175,Play,Bat
1785167529798,Exercise,brice
1785167529907,Play,Ant
1785167530221,Sing,Bee
1785167530652,Sing,alice
1785167531497,Explore,bear
1785167531708,Talk,brice;alice
1785167532026,Explore,Bat
1785167532229,Walk,Ant
1785167532553,Sing,Bee
1785167533479,Talk,alice;Bee
1785167533799,Play,bear
1785167534006,Walk,brice
1785167534323,Play,Bat
1785167534540,Play,Ant
1785167535583,Exercise,Bee
1785167535796,Dance,alice
1785167536107,Walk,bear
1785167536318,Walk,brice
1785167536631,Sing,Bat
1785167536954,Walk,Ant
1785167537591,Talk,alice;bear
1785167537895,Play,Bee
1785167538435,Exercise,brice
1785167538960,Sing,Bat
1785167539062,Exercise,Ant
1785167539929,Sing,alice
1785167540030,Dance,bear
1785167540234,Dance,Bee
1785167540662,Exercise,brice
1785167541382,Play,Bat
1785167541485,Play,Ant
1785167542218,Play,alice
1785167542324,Sing,bear
1785167542745,Exercise,brice
1785167543065,Explore,Bee
1785167544008,Fight,alice;brice
1785167544334,Explore,Bat
1785167544441,Explore,Ant
1785167544657,Play,bear
1785167545946,Explore,Bee
1785167546362,Walk,alice
1785167546363,Walk,brice
1785167546570,Exercise,Ant
1785167546674,Walk,Bat
1785167547197,Play,bear
1785167547841,Talk,Bee;Bat
1785167548716,Sing,alice
1785167548922,Dance,Ant
1785167549242,Explore,brice
1785167549567,Sing,bear
1785167550217,Dance,Bat
1785167550318,Play,Bee
1785167551278,Walk,Ant
1785167551583,Explore,alice
1785167552103,Explore,brice
1785167552530,Explore,bear
1785167553093,Explore,Bat
1785167553196,Explore,Bee
1785167553410,Fight,alice;bear
1785167553631,Sing,Ant
1785167554469,Sing,brice
1785167555403,Play,Bat
1785167555515,Walk,Bee
1785167555516,Exercise,alice
1785167555840,Play,bear
1785167555941,Walk,Ant
1785167556789,Walk,brice
1785167557318,Talk,Bee;bear
1785167557832,Play,alice
1785167558357,Explore,Bat
1785167558770,Explore,Ant
1785167558879,Exercise,brice
1785167559407,Exercise,Bee
1785167560153,Explore,bear
1785167560153,Sing,alice
1785167560669,Walk,Bat
1785167560775,Fight,brice;bear
1785167561094,Play,Ant
1785167561729,Sing,Bee
1785167562466,Play,alice
1785167562780,Exercise,Bat
1785167562885,Exercise,bear
1785167563110,Sing,brice
1785167563418,Sing,Ant
1785167564145,Sing,Bee
1785167564793,Sing,alice
1785167565219,Play,Bat
1785167565220,Play,bear
1785167565428,Play,brice
1785167565850,Walk,Ant
1785167567000,Explore,Bee
1785167567112,Sing,alice
1785167567530,Play,Bat
1785167567530,Exercise,bear
1785167567853,Dance,brice
1785167568163,Walk,Ant
1785167569466,Play,alice
1785167569466,Sing,Bee
1785167569896,Walk,Bat
1785167570009,Dance,bear
1785167570213,Sing,brice
1785167570745,Walk,Ant
1785167571801,Dance,alice
1785167571803,Play,Bee
1785167572120,Exercise,bear
1785167572230,Sing,Bat
1785167572550,Sing,brice
1785167572885,Exercise,Ant
1785167574150,Sing,alice
1785167574151,Sing,Bee
1785167574370,Exercise,Bat
1785167574485,Walk,bear
1785167575196,Walk,Ant
1785167575411,Explore,brice
1785167576470,Dance,alice
1785167576677,Exercise,bear
1785167576789,Dance,Bat
1785167576995,Explore,Bee
1785167577520,Play,Ant
1785167577730,Sing,brice
1785167578774,Exercise,alice
1785167578989,Sing,bear
1785167579099,Walk,Bat
1785167579309,Sing,Bee
1785167579851,Dance,Ant
1785167580562,Explore,brice
1785167581207,Dance,alice
1785167581316,Dance,bear
1785167581962,Explore,Bat
1785167582173,Explore,Bee
1785167582173,Dance,Ant
1785167583008,Talk,alice;bear
1785167583456,Explore,brice
1785167584299,Sing,Bat
1785167584518,Dance,Ant
1785167584629,Dance,Bee
1785167585797,Walk,brice
1785167586006,Explore,bear
1785167586117,Explore,alice
1785167586657,Walk,Bat
1785167586762,Exercise,Bee
1785167586865,Play,Ant
1785167587595,Talk,brice;bear
1785167588565,Fight,Bee;Ant
1785167588985,Explore,alice
1785167589495,Explore,Bat
1785167589707,Exercise,bear
1785167589821,Exercise,brice
1785167590886,Play,Ant
1785167590887,Dance,Bee
1785167591310,Walk,alice
1785167591839,Sing,Bat
1785167592051,Sing,bear
1785167592152,Walk,brice
1785167593196,Play,Bee
1785167593751,Sing,alice
1785167593851,Explore,Ant
1785167593852,Talk,bear;brice
1785167594163,Play,Bat
1785167595553,Dance,Bee
1785167596195,Dance,Ant
1785167596196,Walk,bear
1785167596196,Play,brice
1785167596618,Explore,alice
1785167596619,Sing,Bat
1785167597345,Talk,Bee;brice
1785167598521,Walk,Ant
1785167598521,Dance,bear
1785167598731,Exercise,Bat
1785167598951,Dance,alice
1785167599478,Exercise,Bee
1785167600234,Explore,brice
1785167600877,Dance,Ant
1785167601095,Dance,Bat
1785167601200,Walk,bear
1785167601200,Exercise,alice
1785167601917,Walk,Bee
1785167602331,Exercise,brice
1785167602861,Talk,Bat;bear
1785167603173,Walk,Ant
1785167603485,Play,alice
1785167604006,Exercise,Bee
1785167604657,Play,brice
1785167604973,Exercise,bear
1785167605186,Play,Bat
1785167605506,Sing,Ant
1785167605715,Exercise,alice
1785167606332,Walk,Bee
1785167606761,Exercise,brice
1785167606762,Fight,bear;Ant
1785167607607,Sing,Bat
1785167608051,Dance,alice
1785167608700,Dance,Bee
1785167609122,Sing,Ant
1785167609122,Sing,bear
1785167609234,Play,brice
1785167609963,Dance,Bat
1785167610172,Exercise,alice
1785167610486,Talk,Bee;brice
1785167611561,Walk,bear
1785167611986,Explore,Ant
1785167612094,Exercise,Bat
1785167612533,Walk,alice
1785167612642,Exercise,brice
1785167612846,Walk,Bee
1785167613908,Sing,bear
1785167614330,Dance,Ant
1785167614443,Sing,Bat
1785167614879,Walk,alice
1785167614983,Walk,brice
1785167614984,Exercise,Bee
1785167616252,Sing,bear
1785167616695,Walk,Ant
1785167616795,Play,Bat
1785167617315,Sing,alice
1785167617315,Dance,Bee
1785167617838,Explore,brice
1785167618362,Exercise,bear
1785167618672,Fight,Bat;Bee
1785167618986,Walk,Ant
1785167619930,Exercise,brice
1785167620250,Explore,alice
1785167620463,Talk,Bat;Ant
1785167620679,Play,bear
1785167621105,Walk,Bee
1785167622276,Walk,brice
1785167622376,Exercise,alice
1785167622795,Walk,Ant
1785167622796,Sing,Bat
1785167623129,Walk,bear
1785167623999,Explore,Bee
1785167624924,Dance,alice
1785167624924,Exercise,Ant
1785167625339,Explore,brice
1785167625340,Walk,Bat
1785167625538,Walk,bear
1785167626706,Fight,alice;bear
1785167626706,Talk,Ant;Bat
1785167626924,Explore,Bee
1785167627558,Exercise,brice
1785167629054,Sing,Ant
1785167629054,Walk,Bat
1785167629055,Dance,bear
1785167629575,Explore,alice
1785167629684,Exercise,brice
1785167629795,Explore,Bee
1785167631182,Exercise,Ant
1785167631496,Sing,Bat
1785167631908,Sing,alice
1785167632007,Explore,bear
1785167632007,Dance,brice
1785167632117,Sing,Bee
1785167633484,Walk,Ant
1785167633795,Dance,Bat
1785167634205,Dance,alice
1785167634421,Sing,Bee
1785167634531,Sing,bear
1785167634861,Explore,brice
1785167636150,Sing,Bat
1785167636350,Explore,Ant
1785167636772,Play,alice
1785167636772,Play,Bee
1785167637192,Dance,brice
1785167637405,Explore,bear
1785167638463,Play,Bat
1785167638464,Exercise,Ant
1785167639109,Play,Bee
1785167639221,Talk,bear;Ant
1785167639539,Walk,brice
1785167639640,Explore,alice
1785167640795,Walk,Bat
1785167641313,Exercise,bear
1785167641538,Sing,Bee
1785167641640,Sing,Ant
1785167641973,Dance,alice
1785167641973,Exercise,brice
1785167643144,Walk,Bat
1785167643679,Sing,bear
1785167643891,Walk,Bee
1785167644325,Play,brice
1785167644434,Sing,alice
1785167644538,Explore,Ant
1785167645494,Walk,Bat
1785167646034,Walk,bear
1785167646145,Fight,brice;alice
1785167646250,Dance,Bee
1785167646897,Sing,Ant
1785167647962,Play,Bat
1785167648393,Exercise,bear
1785167648495,Play,alice
1785167648495,Dance,brice
1785167649123,Explore,Bee
1785167649227,Dance,Ant
1785167649972,Fight,Bat;bear
1785167650583,Exercise,alice
1785167650790,Sing,brice
1785167651430,Play,Bee
1785167651533,Sing,Ant
1785167652277,Walk,Bat
1785167652278,Dance,bear
1785167653120,Play,brice
1785167653446,Explore,alice
1785167653872,Sing,Ant
1785167654295,Explore,Bee
1785167654616,Play,Bat
1785167655242,Explore,bear
1785167655563,Sing,brice
1785167656217,Sing,Ant
1785167656329,Explore,alice
1785167656750,Play,Bee
1785167656750,Exercise,Bat
1785167657589,Play,bear
1785167657907,Dance,brice
1785167658343,Exercise,Ant
1785167658453,Exercise,alice
1785167659083,Play,Bee
1785167659618,Explore,Bat
1785167659939,Sing,bear
1785167660251,Dance,brice
1785167660784,Sing,alice
1785167661201,Explore,Ant
1785167661416,Walk,Bee
1785167661852,Talk,bear;brice
1785167661953,Sing,Bat
1785167662571,Talk,alice;Ant
1785167663639,Talk,brice;Bat
1785167663740,Dance,Bee
1785167664171,Walk,bear
1785167664379,Fight,Ant;Bat
1785167664917,Sing,alice
1785167666027,Play,brice
1785167666350,Exercise,bear
1785167666565,Exercise,Bat
1785167666673,Explore,Bee
1785167666792,Sing,Ant
1785167667531,Play,alice
1785167668402,Dance,brice
1785167668843,Exercise,Bee
1785167669270,Explore,bear
1785167669473,Explore,Bat
1785167669701,Explore,Ant
1785167669916,Dance,alice
1785167671083,Fight,bear;Bat
1785167671188,Play,Bee
1785167671288,Explore,brice
1785167672014,Sing,Ant
1785167672228,Play,alice
1785167672860,Talk,bear;brice
1785167673373,Play,Bat
1785167673473,Walk,Bee
1785167674324,Dance,Ant
1785167674550,Sing,alice
1785167674953,Exercise,bear
1785167675183,Walk,brice
1785167675709,Dance,Bat
1785167676026,Play,Bee
1785167676666,Dance,Ant
1785167676983,Dance,alice
1785167677290,Dance,bear
1785167677516,Sing,brice
1785167678051,Sing,Bat
1785167678371,Dance,Bee
1785167678789,Exercise,Ant
1785167678789,Talk,alice;brice
1785167679632,Walk,bear
1785167680399,Sing,Bat
1785167680714,Walk,Bee
1785167680931,Exercise,alice
1785167681148,Play,Ant
1785167681265,Play,brice
1785167682005,Sing,bear
1785167682762,Dance,Bat
1785167682872,Exercise,Bee
1785167683397,Sing,alice
1785167683497,Walk,Ant
1785167683604,Dance,brice
1785167684151,Exercise,bear
1785167685109,Dance,Bat
1785167685316,Talk,Ant;brice
1785167685541,Exercise,alice
1785167685762,Explore,Bee
1785167686283,Exercise,bear
1785167687471,Play,Bat
1785167687472,Exercise,brice
1785167687581,Exercise,Ant
1785167687914,Exercise,Bee
1785167688014,Dance,alice
1785167688441,Exercise,bear
1785167689403,Fight,Ant;alice
1785167689622,Exercise,Bat
1785167689844,Walk,brice
1785167690495,Dance,Bee
1785167690827,Play,bear
1785167691777,Walk,alice
1785167691880,Dance,Ant
1785167691986,Play,Bat
1785167692193,Walk,brice
1785167693146,Walk,bear
1785167693355,Explore,Bee
1785167693893,Exercise,alice
1785167694212,Dance,Ant
1785167694543,Play,brice
1785167695181,Explore,Bat
1785167695486,Walk,bear
1785167695693,Play,Bee
1785167695995,Exercise,alice
1785167696552,Dance,Ant
1785167696876,Dance,brice
1785167697853,Walk,bear
1785167698069,Explore,Bat
1785167698070,Play,Bee
1785167698382,Sing,alice
1785167698884,Walk,Ant
1785167699009,Exercise,brice
1785167699948,Exercise,bear
1785167700671,Dance,alice
1785167700879,Explore,Bat
1785167700880,Explore,Bee
1785167700985,Exercise,Ant
1785167701405,Walk,brice
1785167702238,Dance,bear
1785167702979,Dance,alice
1785167703181,Walk,Bat
1785167703297,Walk,Ant
1785167703726,Sing,brice
1785167703930,Explore,Bee
1785167704753,Talk,alice;Bat
1785167705082,Explore,bear
1785167705807,Exercise,brice
1785167706115,Explore,Ant
1785167706226,Play,Bee
1785167707082,Play,alice
1785167707083,Play,Bat
1785167707184,Exercise,bear
1785167708134,Sing,brice
1785167708135,Talk,Bee;bear
1785167708974,Explore,Ant
1785167709185,Exercise,alice
1785167709394,Walk,Bat
1785167710451,Walk,Bee
1785167711101,Explore,bear
1785167711101,Explore,brice
1785167711305,Walk,Ant
1785167711526,Dance,alice
1785167712260,Explore,Bat
1785167712770,Walk,Bee
1785167713416,Dance,brice
1785167713520,Exercise,Ant
1785167713944,Explore,bear
1785167714375,Explore,alice
1785167714583,Dance,Bat
1785167714583,Fight,Bee;Ant
1785167715876,Walk,brice
1785167716303,Dance,bear
1785167716726,Play,alice
1785167716829,Exercise,Ant
1785167716938,Play,Bat
1785167717051,Walk,Bee
1785167718216,Sing,brice
1785167718654,Play,bear
1785167719193,Sing,Ant
1785167719303,Dance,Bat
1785167719530,Dance,Bee
1785167719738,Explore,alice
1785167720042,Fight,brice;bear
1785167720986,Talk,Ant;alice
1785167721209,Fight,Bat;Bee
1785167722382,Walk,bear
1785167722382,Walk,brice
1785167723360,Sing,Ant
1785167723571,Walk,Bat
1785167723572,Dance,Bee
1785167723886,Explore,alice
1785167724761,Dance,bear
1785167725283,Explore,brice
1785167725494,Fight,Bat;bear
1785167725704,Sing,Ant
1785167726116,Walk,Bee
1785167726331,Dance,alice
1785167727580,Sing,brice
1785167727798,Dance,Bat
1785167727798,Sing,bear
1785167728008,Walk,Ant
1785167728212,Exercise,Bee
1785167728637,Sing,alice
1785167730135,Sing,Bat
1785167730136,Sing,bear
1785167730349,Walk,Ant
1785167730449,Explore,brice
1785167730984,Exercise,alice
1785167731404,Explore,Bee
1785167732590,Walk,Bat
1785167732590,Play,bear
1785167732695,Dance,Ant
1785167732805,Sing,brice
1785167733957,Explore,alice
1785167734286,Explore,Bee
1785167734693,Exercise,Bat
1785167735008,Dance,Ant
1785167735008,Walk,bear
1785167735126,Play,brice
1785167736283,Play,alice
1785167736804,Dance,Bee
1785167737004,Walk,Bat
1785167737326,Play,Ant
1785167737326,Sing,bear
1785167737527,Sing,brice
1785167738672,Dance,alice
1785167739109,Walk,Bee
1785167739442,Walk,Bat
1785167739649,Dance,Ant
1785167739650,Walk,bear
1785167740370,Explore,brice
1785167741013,Dance,alice
1785167741437,Play,Bee
1785167741973,Play,Ant
1785167741973,Walk,bear
1785167742301,Explore,Bat
1785167743246,Explore,brice
1785167743786,Sing,Bee
1785167743897,Explore,alice
1785167744108,Exercise,bear
1785167744652,Walk,Ant
1785167744653,Sing,Bat
1785167745634,Play,brice
1785167746277,Walk,alice
1785167746278,Walk,Bee
1785167746602,Play,bear
1785167747010,Play,Bat
1785167747541,Explore,Ant
1785167747955,Play,brice
1785167748610,Dance,Bee
1785167748919,Walk,bear
1785167749132,Explore,alice
1785167749132,Exercise,Bat
1785167749965,Play,Ant
1785167750280,Walk,brice
1785167750902,Sing,Bee
1785167751009,Fight,Bat;brice
1785167751214,Dance,bear
1785167751430,Walk,alice
1785167752329,Walk,Ant
1785167753297,Dance,Bee
1785167753409,Walk,Bat
1785167753516,Dance,brice
1785167753517,Exercise,bear
1785167753625,Exercise,alice
1785167754582,Exercise,Ant
1785167755749,Walk,Bat
1785167755848,Walk,bear
1785167755849,Play,brice
1785167755950,Walk,alice
1785167756164,Explore,Bee
1785167757435,Explore,Ant
1785167758069,Exercise,alice
1785167758183,Walk,Bat
1785167758183,Sing,brice
1785167758297,Sing,bear
1785167758516,Walk,Bee
1785167759773,Walk,Ant
1785167760423,Dance,alice
1785167760526,Play,brice
1785167760843,Dance,Bee
1785167761053,Explore,Bat
1785167761163,Explore,bear
1785167762132,Sing,Ant
1785167762674,Talk,Bee;bear
1785167762892,Sing,brice
1785167763322,Explore,alice
1785167763421,Dance,Bat
1785167763940,Talk,Ant;alice
1785167764982,Play,bear
1785167764982,Dance,Bee
1785167765197,Walk,brice
1785167765722,Play,Bat
1785167766237,Sing,alice
1785167766237,Sing,Ant
1785167767302,Sing,Bee
1785167767303,Exercise,brice
1785167767833,Explore,bear
1785167768380,Exercise,Ant
1785167768603,Explore,Bat
1785167768604,Sing,alice
1785167769698,Dance,Bee
1785167769799,Sing,brice
1785167770228,Dance,bear
1785167770963,Sing,Bat
1785167771285,Explore,Ant
1785167771503,Explore,alice
1785167771815,Exercise,Bee
1785167772264,Walk,brice
1785167772587,Play,bear
1785167773745,Sing,Ant
1785167773855,Explore,Bat
1785167773961,Exercise,Bee
1785167774398,Explore,alice
1785167774626,Sing,brice
1785167774951,Play,bear
1785167776342,Dance,Ant
1785167776343,Walk,Bee
1785167776768,Explore,Bat
1785167776769,Dance,alice
1785167776770,Exercise,brice
1785167777296,Walk,bear
1785167778670,Play,Ant
1785167778671,Walk,Bee
1785167779120,Walk,brice
1785167779225,Play,alice
1785167779663,Explore,Bat
1785167779664,Play,bear
1785167781035,Sing,Ant
1785167781035,Walk,Bee
1785167781481,Play,brice
1785167781596,Walk,alice
1785167781803,Exercise,bear
1785167782114,Play,Bat
1785167783075,Talk,Bee;bear
1785167783389,Sing,Ant
1785167783796,Play,brice
1785167783903,Dance,alice
1785167784216,Exercise,Bat
1785167785418,Walk,Bee
1785167785522,Play,bear
1785167785740,Sing,Ant
1785167786053,Exercise,alice
1785167786707,Explore,brice
1785167786708,Walk,Bat
1785167787563,Talk,Ant;brice
1785167787977,Dance,bear
1785167788281,Explore,Bee
1785167788396,Play,alice
1785167789047,Dance,Bat
1785167789892,Sing,Ant
1785167790008,Dance,brice
1785167790325,Sing,bear
1785167790647,Play,Bee
1785167790860,Sing,alice
1785167790960,Fight,Bat;brice
1785167792214,Dance,Ant
1785167792442,Exercise,bear
1785167792758,Exercise,Bee
1785167793270,Play,alice
1785167793271,Dance,Bat
1785167793272,Play,brice
1785167794560,Sing,Ant
1785167794881,Sing,bear
1785167795413,Exercise,brice
1785167795626,Explore,Bee
1785167796161,Explore,Bat
1785167796381,Explore,alice
1785167796703,Talk,bear;Bee
1785167796913,Play,Ant
1785167797551,Exercise,brice
1785167798269,Exercise,Bat
1785167798474,Exercise,alice
1785167799007,Play,Bee
1785167799214,Dance,Ant
1785167799314,Talk,brice;Bat
1785167799551,Explore,bear
1785167800830,Walk,alice
1785167801373,Dance,Bee
1785167801373,Exercise,Ant
1785167801700,Walk,brice
1785167801814,Sing,Bat
1785167801922,Walk,bear
1785167803175,Sing,alice
1785167803175,Fight,Ant;Bat
1785167803175,Fight,Bee;bear
1785167804692,Explore,brice
1785167805552,Walk,Ant
1785167805552,Dance,Bat
1785167805553,Sing,bear
1785167805658,Play,Bee
1785167806101,Explore,alice
1785167807415,Fight,bear;alice
1785167807638,Explore,brice
1785167807747,Exercise,Ant
1785167807954,Dance,Bat
1785167808058,Walk,Bee
1785167809536,Exercise,alice
1785167809753,Walk,bear
1785167809969,Dance,brice
1785167810181,Exercise,Bee
1785167810392,Sing,Bat
1785167810602,Explore,Ant
1785167811585,Fight,alice;Ant
1785167812330,Walk,brice
1785167812431,Exercise,Bee
1785167812642,Explore,bear
1785167813284,Explore,Bat
1785167813937,Play,alice
1785167814470,Explore,Ant
1785167814577,Exercise,Bee
1785167815215,Explore,brice
1785167815545,Explore,bear
1785167815651,Walk,Bat
1785167816092,Exercise,alice
1785167816845,Sing,Ant
1785167816947,Dance,Bee
1785167817601,Dance,brice
1785167817913,Play,bear
1785167818122,Dance,Bat
1785167818231,Exercise,alice
1785167818759,Fight,Bee;Bat
1785167819175,Sing,Ant
1785167819916,Sing,brice
1785167820564,Sing,alice
1785167820894,Explore,bear
1785167821118,Dance,Bat
1785167821119,Dance,Bee
1785167821666,Sing,Ant
1785167822313,Dance,brice
1785167822925,Talk,Bat;Ant
1785167823124,Play,alice
1785167823225,Sing,bear
1785167823445,Play,Bee
1785167824614,Sing,brice
1785167825260,Play,Ant
1785167825260,Play,Bat
1785167825479,Walk,alice
1785167825581,Sing,bear
1785167825901,Play,Bee
1785167826947,Walk,brice
1785167827607,Sing,Bat
1785167828026,Walk,bear
1785167828125,Explore,Ant
1785167828225,Play,Bee
1785167828340,Explore,alice
1785167829293,Play,brice
1785167829942,Play,Bat
1785167830478,Sing,bear
1785167830479,Exercise,Bee
1785167830689,Sing,alice
1785167831023,Explore,Ant
1785167831684,Sing,brice
1785167832340,Walk,Bat
1785167832664,Exercise,Bee
1785167832993,Play,bear
1785167833108,Dance,alice
1785167833426,Play,Ant
1785167833960,Exercise,brice
1785167835156,Sing,Bee
1785167835277,Explore,Bat
1785167835278,Exercise,alice
1785167835378,Dance,bear
1785167835596,Exercise,Ant
1785167836465,Sing,brice
1785167837549,Dance,Bee
1785167837658,Play,alice
1785167837769,Dance,Bat
1785167837984,Sing,Ant
1785167837985,Walk,bear
1785167838823,Walk,brice
1785167839662,Exercise,Bee
1785167840082,Dance,Bat
1785167840193,Exercise,bear
1785167840506,Explore,alice
1785167840837,Explore,Ant
1785167841166,Play,brice
1785167842128,Sing,Bee
1785167842241,Exercise,Bat
1785167842576,Walk,bear
1785167842996,Walk,alice
1785167843210,Dance,Ant
1785167843521,Walk,brice
1785167844382,Exercise,Bat
1785167844928,Dance,bear
1785167845039,Explore,Bee
1785167845341,Walk,alice
1785167845543,Play,Ant
1785167845875,Play,brice
1785167846837,Walk,Bat
1785167846837,Talk,bear;alice
1785167847164,Exercise,Bee
1785167847906,Walk,Ant
1785167848656,Talk,alice;Ant
1785167848768,Explore,brice
1785167848980,Exercise,bear
1785167849306,Exercise,Bee
1785167849738,Explore,Bat
1785167850804,Exercise,alice
1785167850805,Exercise,Ant
1785167850805,Fight,bear;Bat
1785167851673,Explore,brice
1785167851673,Walk,Bee
1785167852992,Exercise,Bat
1785167852993,Exercise,bear
1785167853213,Sing,alice
1785167853214,Play,Ant
1785167854058,Sing,Bee
1785167854059,Walk,brice
1785167854804,Talk,bear;Ant
1785167855335,Play,Bat
1785167855545,Sing,alice
1785167856170,Exercise,brice
1785167857008,Explore,Bee
1785167857119,Dance,Ant
1785167857229,Dance,bear
1785167857889,Play,alice
1785167858316,Explore,Bat
1785167858316,Exercise,brice
1785167859498,Sing,Bee
1785167859609,Dance,bear
1785167859823,Dance,Ant
1785167860710,Sing,Bat
1785167860711,Walk,brice
1785167860820,Explore,alice
1785167861880,Sing,Bee
1785167862199,Sing,Ant
1785167862510,Explore,bear
1785167863040,Play,Bat
1785167863041,Sing,brice
1785167863247,Sing,alice
1785167864533,Play,Ant
1785167864851,Explore,Bee
1785167864957,Sing,bear
1785167865408,Walk,Bat
1785167865617,Walk,alice
1785167865935,Explore,brice
1785167866662,Exercise,Ant
1785167867463,Sing,bear
1785167867464,Talk,alice;brice
1785167867788,Explore,Bee
1785167868333,Explore,Bat
1785167869070,Play,Ant
1785167869380,Fight,alice;Bee
1785167869785,Play,bear
1785167869786,Walk,brice
1785167870725,Dance,Bat
1785167871151,Exercise,Ant
1785167871658,Dance,alice
1785167871769,Walk,Bee
1785167872079,Walk,bear
1785167872080,Sing,brice
1785167872846,Exercise,Bat
1785167873779,Exercise,alice
1785167873980,Explore,Ant
1785167873980,Exercise,Bee
1785167874381,Dance,brice
1785167874910,Explore,bear
1785167875114,Walk,Bat
1785167875544,Talk,alice;Bee
1785167876193,Fight,brice;bear
1785167876305,Sing,Ant
