1784894770442,Ant,Dance,http://localhost:3251@Bee,true
1784894770445,Bee,Dance,http://localhost:3251@Ant,false
1784894771209,alice,Explore,null,false
1784894771885,Bat,Explore,null,false
1784894771949,Bee,Explore,null,true
1784894772553,bear,Fight,http://localhost:3251@Bee,true
1784894772555,Bee,Fight,http://localhost:3251@bear,false
1784894772775,alice,Explore,null,true
1784894773175,Bat,Sing,http://localhost:3251@brice,false
1784894773177,brice,Sing,http://localhost:3251@Bat,true
1784894773582,alice,Sing,http://localhost:3251@Ant,true
1784894773584,Ant,Sing,http://localhost:3251@alice,true
1784894774436,alice,Walk,http://localhost:3251@Bat,true
1784894774437,Bat,Walk,http://localhost:3251@alice,true
1784894775795,Ant,Explore,null,true
1784894776038,Bat,Explore,null,false
1784894776653,alice,Explore,null,false
1784894776709,bear,Fight,http://localhost:3251@Bee,false
1784894776709,Bee,Explore,null,true
1784894776709,brice,Fight,http://localhost:3251@bear,true
1784894776767,Ant,Fight,http://localhost:3251@Bat,true
1784894776767,Bat,Fight,http://localhost:3251@Ant,false
1784894777684,alice,Fight,http://localhost:3251@bear,true
1784894777685,bear,Fight,http://localhost:3251@alice,false
1784894778015,Ant,Sing,http://localhost:3251@brice,false
1784894778016,brice,Sing,http://localhost:3251@Ant,true
1784894778294,Bee,Explore,null,true
1784894779250,bear,Explore,null,true
1784894779302,Bat,Dance,http://localhost:3251@brice,true
1784894779303,brice,Dance,http://localhost:3251@Bat,false
1784894780223,alice,Exercise,http://localhost:3251@brice,true
1784894780224,brice,Exercise,http://localhost:3251@alice,true
1784894780286,Ant,Explore,null,true
1784894780620,Bee,Explore,null,true
1784894781220,Ant,Sing,http://localhost:3251@Bat,false
1784894781220,Bat,Sing,http://localhost:3251@brice,true
1784894781761,brice,Explore,null,true
1784894781866,alice,Walk,http://localhost:3251@bear,false
1784894781868,bear,Walk,http://localhost:3251@alice,true
1784894782714,Bat,Talk,http://localhost:3251@brice,false
1784894782716,brice,Talk,http://localhost:3251@Bat,true
1784894782764,Ant,Explore,null,false
1784894783542,bear,Explore,null,true
1784894783794,alice,Talk,http://localhost:3251@Ant,false
1784894783795,Ant,Talk,http://localhost:3251@alice,false
1784894784347,Bat,Explore,null,false
1784894784725,Ant,Dance,http://localhost:3251@brice,true
1784894784727,brice,Dance,http://localhost:3251@Bat,false
1784894784788,Bee,Explore,null,true
1784894785726,Bat,Sing,http://localhost:3251@brice,true
1784894785727,Bee,Sing,http://localhost:3251@Bat,false
1784894786102,Ant,Exercise,http://localhost:3251@bear,true
1784894786104,bear,Exercise,http://localhost:3251@Ant,false
1784894787169,alice,Exercise,http://localhost:3251@brice,false
1784894787169,Ant,Exercise,http://localhost:3251@alice,false
1784894787484,Bat,Explore,null,false
1784894787799,Bee,Dance,http://localhost:3251@brice,true
1784894787800,brice,Dance,http://localhost:3251@Bee,false
1784894788532,Bat,Talk,http://localhost:3251@brice,false
1784894788532,brice,Talk,http://localhost:3251@Bat,true
1784894789098,alice,Exercise,http://localhost:3251@brice,true
1784894789101,brice,Exercise,http://localhost:3251@alice,true
1784894789593,Ant,Explore,null,true
1784894789847,bear,Explore,null,false
1784894790169,Bee,Explore,null,true
1784894790229,Bat,Explore,null,true
1784894790799,alice,Explore,null,true
1784894791290,alice,Fight,http://localhost:3251@Bee,false
1784894791291,Ant,Explore,null,true
1784894791291,Bee,Fight,http://localhost:3251@alice,true
1784894791604,Bat,Fight,http://localhost:3251@bear,true
1784894791606,bear,Fight,http://localhost:3251@Bee,true
1784894792526,Ant,Sing,http://localhost:3251@brice,false
1784894792529,brice,Sing,http://localhost:3251@Ant,true
1784894792640,alice,Sing,http://localhost:3251@bear,false
1784894792640,bear,Sing,http://localhost:3251@alice,false
1784894793136,bear,Talk,http://localhost:3251@Bee,true
1784894793136,Bee,Talk,http://localhost:3251@bear,true
1784894793265,Bat,Explore,null,false
1784894794305,alice,Explore,null,true
1784894794369,bear,Exercise,http://localhost:3251@brice,true
1784894794371,brice,Exercise,http://localhost:3251@bear,false
1784894794996,Ant,Talk,http://localhost:3251@Bat,true
1784894794999,Bat,Talk,http://localhost:3251@brice,false
1784894795232,alice,Sing,http://localhost:3251@Bee,false
1784894795232,Bee,Sing,http://localhost:3251@alice,false
1784894795806,bear,Walk,http://localhost:3251@alice,false
1784894795807,brice,Walk,http://localhost:3251@bear,true
1784894796632,Bat,Explore,null,true
1784894797669,Bat,Fight,http://localhost:3251@bear,true
1784894797669,bear,Fight,http://localhost:3251@Bat,false
1784894797974,Ant,Explore,null,true
1784894798870,Bee,Explore,null,false
1784894799180,Ant,Exercise,http://localhost:3251@bear,false
1784894799181,brice,Exercise,http://localhost:3251@Ant,true
1784894799307,Bat,Explore,null,true
1784894799308,bear,Explore,null,false
1784894799684,alice,Talk,http://localhost:3251@bear,true
1784894799685,bear,Talk,http://localhost:3251@alice,false
1784894800231,Bat,Sing,http://localhost:3251@Bee,false
1784894800232,Bee,Sing,http://localhost:3251@alice,false
1784894800877,brice,Explore,null,false
1784894800939,alice,Fight,http://localhost:3251@Ant,true
1784894800940,Ant,Fight,http://localhost:3251@Bat,false
1784894801986,bear,Explore,null,false
1784894802705,Bat,Exercise,http://localhost:3251@brice,true
1784894802705,brice,Exercise,http://localhost:3251@Bat,true
1784894802875,Ant,Play,http://localhost:3251@bear,false
1784894802876,bear,Play,http://localhost:3251@Ant,false
1784894803168,Bee,Explore,null,true
1784894804184,alice,Play,http://localhost:3251@Ant,true
1784894804185,Ant,Play,http://localhost:3251@bear,true
1784894804363,brice,Explore,null,false
1784894804948,Bee,Exercise,http://localhost:3251@brice,true
1784894804948,brice,Exercise,http://localhost:3251@Bee,true
1784894805704,Bat,Fight,http://localhost:3251@bear,true
1784894805706,Bee,Fight,http://localhost:3251@Bat,false
1784894806284,Ant,Dance,http://localhost:3251@brice,true
1784894806285,brice,Dance,http://localhost:3251@Bat,true
1784894806341,alice,Explore,null,true
1784894806342,bear,Explore,null,false
1784894807267,alice,Talk,http://localhost:3251@brice,false
1784894807268,brice,Talk,http://localhost:3251@Bat,true
1784894807452,bear,Talk,http://localhost:3251@Bee,false
1784894807452,Bee,Talk,http://localhost:3251@bear,false
1784894808626,Bat,Sing,http://localhost:3251@brice,false
1784894808627,brice,Sing,http://localhost:3251@Ant,true
1784894808750,Ant,Dance,http://localhost:3251@bear,false
1784894808751,bear,Dance,http://localhost:3251@Ant,true
1784894808867,alice,Explore,null,true
1784894809753,alice,Fight,http://localhost:3251@Ant,true
1784894809754,Ant,Fight,http://localhost:3251@Bat,true
1784894809755,Bat,Talk,http://localhost:3251@bear,false
1784894809756,bear,Talk,http://localhost:3251@Bat,false
1784894810436,alice,Talk,http://localhost:3251@Bee,true
1784894810437,Bee,Talk,http://localhost:3251@bear,false
1784894810561,bear,Play,http://localhost:3251@brice,false
1784894810562,brice,Play,http://localhost:3251@bear,false
1784894811609,alice,Play,http://localhost:3251@Bat,true
1784894811612,Bat,Play,http://localhost:3251@alice,true
1784894811899,Ant,Explore,null,true
1784894812287,Bat,Walk,http://localhost:3251@Bee,false
1784894812288,Bee,Walk,http://localhost:3251@Bat,true
1784894812784,Bat,Fight,http://localhost:3251@brice,false
1784894812786,brice,Fight,http://localhost:3251@Bat,true
1784894813391,bear,Explore,null,true
1784894813497,alice,Exercise,http://localhost:3251@brice,true
1784894813497,Bat,Exercise,http://localhost:3251@alice,false
1784894814003,bear,Talk,http://localhost:3251@Bee,true
1784894814005,Bee,Talk,http://localhost:3251@bear,false
1784894814814,Ant,Play,http://localhost:3251@brice,true
1784894814815,brice,Play,http://localhost:3251@bear,false
1784894815563,Ant,Walk,http://localhost:3251@Bat,true
1784894815564,Bat,Walk,http://localhost:3251@alice,true
1784894815688,bear,Explore,null,true
1784894815688,Bee,Explore,null,false
1784894816232,alice,Play,http://localhost:3251@Ant,false
1784894816233,Ant,Play,http://localhost:3251@alice,true
1784894816858,Bat,Walk,http://localhost:3251@brice,false
1784894816860,brice,Walk,http://localhost:3251@Bat,true
1784894817609,alice,Play,http://localhost:3251@Ant,false
1784894817612,Bat,Play,http://localhost:3251@alice,true
1784894817924,Ant,Explore,null,false
1784894818168,bear,Explore,null,false
1784894818519,brice,Explore,null,true
1784894818577,Ant,Sing,http://localhost:3251@Bee,false
1784894818578,Bee,Sing,http://localhost:3251@alice,true
1784894819453,alice,Walk,http://localhost:3251@bear,false
1784894819454,bear,Walk,http://localhost:3251@alice,true
1784894819517,Bat,Exercise,http://localhost:3251@brice,true
1784894819518,brice,Exercise,http://localhost:3251@Bat,false
1784894820514,alice,Fight,http://localhost:3251@bear,true
1784894820514,Bee,Fight,http://localhost:3251@alice,true
1784894820639,Ant,Play,http://localhost:3251@bear,true
1784894820640,bear,Play,http://localhost:3251@Ant,false
1784894821625,Bee,Walk,http://localhost:3251@brice,false
1784894821626,brice,Walk,http://localhost:3251@Bat,false
1784894822001,Ant,Fight,http://localhost:3251@Bat,false
1784894822001,Bat,Fight,http://localhost:3251@bear,true
1784894822751,Ant,Walk,http://localhost:3251@bear,false
1784894822752,bear,Walk,http://localhost:3251@alice,true
1784894823247,Bat,Exercise,http://localhost:3251@brice,true
1784894823249,brice,Exercise,http://localhost:3251@Bat,true
1784894823686,Ant,Play,http://localhost:3251@Bee,false
1784894823687,Bee,Play,http://localhost:3251@Ant,true
1784894824246,alice,Explore,null,true
1784894824498,bear,Explore,null,true
1784894824813,Ant,Fight,http://localhost:3251@Bat,false
1784894824813,brice,Fight,http://localhost:3251@Ant,true
1784894825310,Bat,Dance,http://localhost:3251@bear,true
1784894825312,bear,Dance,http://localhost:3251@Bat,false
1784894825689,alice,Sing,http://localhost:3251@bear,false
1784894825690,brice,Sing,http://localhost:3251@alice,true
1784894826500,Ant,Explore,null,true
1784894826689,bear,Play,http://localhost:3251@brice,false
1784894826691,brice,Play,http://localhost:3251@bear,true
1784894827066,alice,Walk,http://localhost:3251@Bat,true
1784894827069,Bat,Walk,http://localhost:3251@alice,true
1784894827497,Bee,Explore,null,true
1784894827750,Bat,Fight,http://localhost:3251@bear,false
1784894827750,bear,Fight,http://localhost:3251@Bee,true
1784894828184,Ant,Explore,null,true
1784894828877,Bat,Play,http://localhost:3251@Bee,false
1784894828879,Bee,Play,http://localhost:3251@Ant,true
1784894829121,brice,Explore,null,true
1784894829505,alice,Exercise,http://localhost:3251@Ant,false
1784894829506,Ant,Exercise,http://localhost:3251@bear,false
1784894830255,Bat,Talk,http://localhost:3251@bear,true
1784894830257,bear,Talk,http://localhost:3251@Bat,false
1784894830569,Ant,Dance,http://localhost:3251@brice,false
1784894830570,Bee,Explore,null,true
1784894830571,brice,Dance,http://localhost:3251@Bat,true
1784894831501,alice,Exercise,http://localhost:3251@bear,true
1784894831502,bear,Exercise,http://localhost:3251@brice,true
1784894831816,Bat,Exercise,http://localhost:3251@Bee,false
1784894831818,Bee,Exercise,http://localhost:3251@brice,true
1784894832870,alice,Play,http://localhost:3251@Ant,true
1784894832871,Bat,Play,http://localhost:3251@alice,false
1784894833869,bear,Explore,null,true
1784894834112,alice,Exercise,http://localhost:3251@brice,false
1784894834112,Ant,Exercise,http://localhost:3251@alice,true
1784894834302,Bee,Explore,null,false
1784894835222,Bat,Explore,null,true
1784894835458,alice,Play,http://localhost:3251@Ant,true
1784894835459,bear,Play,http://localhost:3251@alice,false
1784894835709,brice,Explore,null,true
1784894836458,Ant,Explore,null,true
1784894836584,Bat,Dance,http://localhost:3251@bear,false
1784894836585,brice,Dance,http://localhost:3251@Bat,true
1784894836709,alice,Talk,http://localhost:3251@Bee,true
1784894836710,Bee,Talk,http://localhost:3251@bear,true
1784894837570,alice,Play,http://localhost:3251@bear,false
1784894837571,bear,Play,http://localhost:3251@brice,true
1784894837634,Ant,Fight,http://localhost:3251@brice,false
1784894837636,brice,Fight,http://localhost:3251@Bat,true
1784894838945,alice,Play,http://localhost:3251@Ant,true
1784894838948,brice,Play,http://localhost:3251@alice,true
1784894839072,Bee,Explore,null,true
1784894839623,Bat,Explore,null,true
1784894839686,alice,Play,http://localhost:3251@Ant,true
1784894839687,Ant,Play,http://localhost:3251@bear,false
1784894840432,Bee,Sing,http://localhost:3251@alice,false
1784894840433,brice,Sing,http://localhost:3251@Bee,true
1784894841292,Bat,Explore,null,false
1784894841798,alice,Sing,http://localhost:3251@brice,false
1784894841799,brice,Sing,http://localhost:3251@Ant,true
1784894842050,bear,Explore,null,true
1784894842349,Bee,Exercise,http://localhost:3251@brice,true
1784894842350,brice,Exercise,http://localhost:3251@Bee,true
1784894843286,alice,Exercise,http://localhost:3251@bear,true
1784894843288,bear,Exercise,http://localhost:3251@brice,false
1784894843789,Ant,Play,http://localhost:3251@bear,false
1784894843791,Bee,Play,http://localhost:3251@Ant,false
1784894844041,brice,Explore,null,false
1784894844332,alice,Talk,http://localhost:3251@bear,false
1784894844332,Bee,Talk,http://localhost:3251@alice,false
1784894844890,bear,Explore,null,true
1784894845848,alice,Explore,null,true
1784894845910,Bee,Explore,null,false
1784894845967,Ant,Explore,null,true
1784894845967,Bat,Play,http://localhost:3251@alice,false
1784894845968,bear,Play,http://localhost:3251@Bat,true
1784894847202,bear,Play,http://localhost:3251@Bee,true
1784894847203,Bee,Play,http://localhost:3251@Ant,true
1784894847551,Bat,Explore,null,false
1784894847614,brice,Explore,null,true
1784894848893,alice,Explore,null,false
1784894849109,Ant,Sing,http://localhost:3251@Bee,true
1784894849110,Bat,Explore,null,false
1784894849112,Bee,Sing,http://localhost:3251@alice,false
1784894850354,bear,Dance,http://localhost:3251@brice,false
1784894850355,brice,Dance,http://localhost:3251@Bat,true
1784894850575,alice,Explore,null,true
1784894851127,Ant,Play,http://localhost:3251@bear,true
1784894851128,bear,Play,http://localhost:3251@Ant,true
1784894851380,Bat,Explore,null,false
1784894851381,Bee,Explore,null,true
1784894852093,bear,Exercise,http://localhost:3251@brice,false
1784894852094,brice,Exercise,http://localhost:3251@Bat,false
1784894852762,alice,Explore,null,true
1784894853380,Bee,Play,http://localhost:3251@brice,false
1784894853380,brice,Play,http://localhost:3251@bear,true
1784894853694,bear,Explore,null,true
1784894854254,Bat,Explore,null,true
1784894854759,Ant,Explore,null,false
1784894854822,bear,Walk,http://localhost:3251@brice,false
1784894854822,brice,Walk,http://localhost:3251@Bat,false
1784894855317,Bat,Exercise,http://localhost:3251@Bee,false
1784894855319,Bee,Exercise,http://localhost:3251@brice,true
1784894855505,alice,Exercise,http://localhost:3251@brice,false
1784894855506,Ant,Exercise,http://localhost:3251@alice,true
1784894856689,Bee,Play,http://localhost:3251@Ant,false
1784894856690,brice,Play,http://localhost:3251@Bee,true
1784894856815,Ant,Play,http://localhost:3251@Bat,true
1784894856816,Bat,Play,http://localhost:3251@alice,false
1784894857250,alice,Fight,http://localhost:3251@bear,true
1784894857251,bear,Fight,http://localhost:3251@Bee,true
1784894857252,Bee,Fight,http://localhost:3251@bear,false
1784894857252,brice,Fight,http://localhost:3251@alice,true
1784894858047,Bat,Exercise,http://localhost:3251@brice,true
1784894858048,Bee,Exercise,http://localhost:3251@Bat,true
1784894858457,Ant,Explore,null,false
1784894858899,alice,Explore,null,false
1784894859646,bear,Explore,null,false
1784894859709,Bee,Explore,null,false
1784894860137,Ant,Explore,null,true
1784894860328,bear,Talk,http://localhost:3251@brice,false
1784894860330,brice,Talk,http://localhost:3251@Bat,true
1784894861083,bear,Play,http://localhost:3251@Bee,true
1784894861085,Bee,Play,http://localhost:3251@Ant,false
1784894861883,Ant,Talk,http://localhost:3251@alice,false
1784894861884,Bee,Talk,http://localhost:3251@Ant,true
1784894862072,brice,Explore,null,false
1784894862941,alice,Sing,http://localhost:3251@Bat,true
1784894862943,Bat,Sing,http://localhost:3251@brice,false
1784894863564,Bee,Explore,null,true
1784894863691,alice,Exercise,http://localhost:3251@bear,false
1784894863692,bear,Exercise,http://localhost:3251@brice,false
1784894864301,Ant,Explore,null,false
1784894864490,brice,Explore,null,false
1784894864994,Ant,Dance,http://localhost:3251@Bat,true
1784894864995,Bat,Dance,http://localhost:3251@bear,false
1784894865343,alice,Explore,null,false
1784894865344,Bat,Fight,http://localhost:3251@Bee,false
1784894865344,Bee,Fight,http://localhost:3251@alice,false
1784894865846,Ant,Dance,http://localhost:3251@brice,true
1784894865848,brice,Dance,http://localhost:3251@Bat,true
1784894866097,Bat,Talk,http://localhost:3251@bear,true
1784894866099,bear,Talk,http://localhost:3251@Bat,false
1784894866642,Bee,Exercise,http://localhost:3251@brice,false
1784894866643,brice,Exercise,http://localhost:3251@Bee,true
1784894867137,bear,Talk,http://localhost:3251@Bat,true
1784894867137,Bee,Talk,http://localhost:3251@bear,false
1784894867881,Ant,Dance,http://localhost:3251@Bee,false
1784894867881,Bat,Dance,http://localhost:3251@Ant,false
1784894868129,alice,Sing,http://localhost:3251@bear,true
1784894868130,bear,Sing,http://localhost:3251@alice,true
1784894868820,Ant,Sing,http://localhost:3251@brice,true
1784894868820,Bee,Explore,null,false
1784894868820,brice,Sing,http://localhost:3251@Ant,false
1784894869254,alice,Fight,http://localhost:3251@bear,false
1784894869257,bear,Fight,http://localhost:3251@Bee,true
1784894869882,Ant,Fight,http://localhost:3251@Bat,true
1784894869884,bear,Fight,http://localhost:3251@Ant,true
1784894870379,Bat,Explore,null,false
1784894871569,Bee,Dance,http://localhost:3251@brice,false
1784894871569,brice,Dance,http://localhost:3251@Bat,false
1784894871632,Ant,Explore,null,false
1784894871992,alice,Sing,http://localhost:3251@bear,false
1784894871993,Bat,Sing,http://localhost:3251@alice,true
1784894872924,Bat,Play,http://localhost:3251@Bee,true
1784894872926,Bee,Play,http://localhost:3251@Ant,false
1784894873356,Ant,Walk,http://localhost:3251@bear,false
1784894873357,bear,Walk,http://localhost:3251@alice,false
1784894873731,alice,Talk,http://localhost:3251@bear,false
1784894873732,brice,Talk,http://localhost:3251@alice,false
1784894874410,Ant,Fight,http://localhost:3251@Bat,true
1784894874411,Bee,Fight,http://localhost:3251@Ant,false
1784894874789,Bat,Fight,http://localhost:3251@brice,false
1784894874792,brice,Fight,http://localhost:3251@Bat,true
1784894875535,alice,Fight,http://localhost:3251@bear,true
1784894875537,bear,Fight,http://localhost:3251@alice,false
1784894876844,Bee,Explore,null,false
1784894877136,Ant,Dance,http://localhost:3251@Bee,true
1784894877137,Bat,Dance,http://localhost:3251@Ant,true
1784894878190,Bat,Dance,http://localhost:3251@Bee,false
1784894878191,Bee,Dance,http://localhost:3251@brice,true
1784894878505,bear,Sing,http://localhost:3251@brice,false
1784894878507,brice,Sing,http://localhost:3251@Ant,true
1784894879568,bear,Sing,http://localhost:3251@Bee,true
1784894879569,Bee,Sing,http://localhost:3251@alice,false
1784894879883,Bat,Explore,null,false
1784894879946,alice,Explore,null,true
1784894880568,Ant,Talk,http://localhost:3251@alice,true
1784894880569,brice,Talk,http://localhost:3251@Ant,true
1784894881249,alice,Walk,http://localhost:3251@Bat,false
1784894881251,Bat,Walk,http://localhost:3251@alice,false
1784894882237,Ant,Explore,null,true
1784894882364,Bee,Walk,http://localhost:3251@Bat,false
1784894882364,brice,Walk,http://localhost:3251@Bee,true
1784894882617,Bat,Play,http://localhost:3251@alice,false
1784894882617,bear,Play,http://localhost:3251@Bat,false
1784894883175,alice,Exercise,http://localhost:3251@brice,false
1784894883176,brice,Exercise,http://localhost:3251@alice,true
1784894883869,Bat,Exercise,http://localhost:3251@brice,false
1784894883870,Bee,Exercise,http://localhost:3251@Bat,false
1784894883994,bear,Dance,http://localhost:3251@Ant,true
1784894883996,brice,Dance,http://localhost:3251@bear,false
1784894884546,alice,Walk,http://localhost:3251@Bat,true
1784894884547,Bat,Walk,http://localhost:3251@alice,true
1784894885438,Ant,Talk,http://localhost:3251@alice,false
1784894885439,brice,Talk,http://localhost:3251@Ant,true
1784894885548,Bee,Explore,null,true
1784894886447,alice,Exercise,http://localhost:3251@brice,true
1784894886450,Bee,Exercise,http://localhost:3251@alice,false
1784894886680,Ant,Exercise,http://localhost:3251@brice,true
1784894886681,brice,Exercise,http://localhost:3251@Bat,true
1784894886848,Bat,Explore,null,true
1784894887015,bear,Explore,null,false
1784894887657,Bat,Fight,http://localhost:3251@brice,false
1784894887658,brice,Fight,http://localhost:3251@Bat,false
1784894888032,Bee,Explore,null,false
1784894888261,Ant,Explore,null,false
1784894889009,alice,Sing,http://localhost:3251@bear,false
1784894889010,Bee,Sing,http://localhost:3251@alice,false
1784894889234,Bat,Explore,null,false
1784894889823,Ant,Explore,null,false
1784894890319,Bat,Dance,http://localhost:3251@brice,true
1784894890322,brice,Dance,http://localhost:3251@Bat,true
1784894890696,Bat,Fight,http://localhost:3251@bear,true
1784894890697,bear,Fight,http://localhost:3251@Bee,true
1784894891012,Ant,Sing,http://localhost:3251@Bee,true
1784894891013,Bee,Sing,http://localhost:3251@alice,false
1784894891692,bear,Sing,http://localhost:3251@brice,true
1784894891692,brice,Sing,http://localhost:3251@Ant,true
1784894892254,alice,Exercise,http://localhost:3251@brice,false
1784894892256,Bat,Exercise,http://localhost:3251@alice,true
1784894893127,Bat,Dance,http://localhost:3251@Bee,true
1784894893128,Bee,Dance,http://localhost:3251@brice,true
1784894893375,brice,Explore,null,false
1784894894067,alice,Fight,http://localhost:3251@bear,false
1784894894068,Ant,Fight,http://localhost:3251@alice,true
1784894894190,Bee,Talk,http://localhost:3251@bear,true
1784894894191,brice,Talk,http://localhost:3251@Bee,true
1784894894819,Bat,Explore,null,true
1784894895213,alice,Dance,http://localhost:3251@bear,true
1784894895214,bear,Dance,http://localhost:3251@Ant,false
1784894895765,Bat,Talk,http://localhost:3251@brice,false
1784894895766,bear,Talk,http://localhost:3251@Bat,true
1784894896708,alice,Explore,null,false
1784894896867,bear,Exercise,http://localhost:3251@brice,true
1784894896868,brice,Exercise,http://localhost:3251@bear,false
1784894897315,alice,Talk,http://localhost:3251@Bat,false
1784894897315,Bat,Talk,http://localhost:3251@brice,false
1784894897803,Ant,Play,http://localhost:3251@bear,false
1784894897804,Bee,Play,http://localhost:3251@Ant,false
1784894898081,alice,Dance,http://localhost:3251@brice,true
1784894898082,brice,Dance,http://localhost:3251@Bat,false
1784894899025,bear,Explore,null,true
1784894899138,Ant,Walk,http://localhost:3251@brice,false
1784894899139,brice,Walk,http://localhost:3251@Ant,false
1784894899691,alice,Explore,null,false
1784894899748,Ant,Exercise,http://localhost:3251@Bat,false
1784894899749,Bat,Exercise,http://localhost:3251@brice,false
1784894900123,bear,Fight,http://localhost:3251@Bee,false
1784894900124,Bee,Fight,http://localhost:3251@alice,false
1784894900290,Ant,Exercise,http://localhost:3251@brice,true
1784894900291,brice,Exercise,http://localhost:3251@Bat,true
1784894901115,alice,Fight,http://localhost:3251@bear,true
1784894901116,bear,Fight,http://localhost:3251@Bee,false
1784894901226,Bat,Explore,null,false
1784894901657,alice,Fight,http://localhost:3251@Bee,false
1784894901658,Bee,Fight,http://localhost:3251@alice,false
1784894902047,Bat,Exercise,http://localhost:3251@brice,false
1784894902048,brice,Exercise,http://localhost:3251@Bat,false
1784894902937,Ant,Play,http://localhost:3251@Bee,true
1784894902938,Bee,Play,http://localhost:3251@Ant,true
1784894903603,Ant,Play,http://localhost:3251@bear,false
1784894903604,bear,Play,http://localhost:3251@brice,true
1784894903604,brice,Explore,null,false
1784894904516,alice,Explore,null,true
1784894904517,Bee,Explore,null,true
1784894904769,Ant,Talk,http://localhost:3251@brice,false
1784894904769,brice,Talk,http://localhost:3251@Bat,true
1784894905692,alice,Dance,http://localhost:3251@bear,true
1784894905693,bear,Dance,http://localhost:3251@Ant,true
1784894906125,Bat,Dance,http://localhost:3251@brice,true
1784894906126,brice,Dance,http://localhost:3251@Bat,true
1784894906760,alice,Fight,http://localhost:3251@bear,false
1784894906762,Ant,Fight,http://localhost:3251@alice,true
1784894907076,Bat,Dance,http://localhost:3251@bear,true
1784894907077,bear,Dance,http://localhost:3251@Ant,true
1784894907500,Ant,Play,http://localhost:3251@brice,true
1784894907500,brice,Play,http://localhost:3251@bear,false
1784894908423,bear,Dance,http://localhost:3251@Ant,true
1784894908426,Bee,Dance,http://localhost:3251@bear,false
1784894908548,Bat,Play,http://localhost:3251@alice,false
1784894908548,brice,Play,http://localhost:3251@Bat,false
1784894908842,alice,Walk,http://localhost:3251@Ant,true
1784894908842,Ant,Walk,http://localhost:3251@brice,false
1784894909540,alice,Talk,http://localhost:3251@brice,false
1784894909541,brice,Talk,http://localhost:3251@Bat,true
1784894910159,Bat,Explore,null,true
1784894910406,Ant,Sing,http://localhost:3251@bear,true
1784894910408,bear,Sing,http://localhost:3251@Ant,true
1784894911338,alice,Talk,http://localhost:3251@bear,false
1784894911339,Ant,Talk,http://localhost:3251@alice,false
1784894912201,Bat,Sing,http://localhost:3251@brice,false
1784894912201,bear,Sing,http://localhost:3251@Bat,false
1784894912579,brice,Explore,null,false
1784894913684,alice,Explore,null,true
1784894913845,Bat,Walk,http://localhost:3251@Bee,false
1784894913845,Bee,Walk,http://localhost:3251@Bat,true
1784894914501,alice,Exercise,http://localhost:3251@Ant,true
1784894914502,Ant,Exercise,http://localhost:3251@bear,false
1784894914503,bear,Explore,null,true
1784894915340,Bee,Explore,null,true
1784894916203,brice,Explore,null,true
1784894916429,bear,Walk,http://localhost:3251@alice,true
1784894916431,Bee,Walk,http://localhost:3251@bear,false
1784894916703,Bat,Explore,null,true
1784894917443,bear,Sing,http://localhost:3251@brice,true
1784894917443,brice,Sing,http://localhost:3251@Ant,true
1784894917681,Bat,Fight,http://localhost:3251@bear,true
1784894917682,Bee,Fight,http://localhost:3251@Bat,true
1784894917732,alice,Sing,http://localhost:3251@bear,false
1784894917733,Ant,Sing,http://localhost:3251@alice,true
1784894918690,Bee,Sing,http://localhost:3251@brice,false
1784894918691,brice,Sing,http://localhost:3251@Ant,true
1784894918970,bear,Explore,null,false
1784894919239,alice,Explore,null,false
1784894919867,Bat,Explore,null,false
1784894919992,Ant,Walk,http://localhost:3251@brice,false
1784894919992,brice,Walk,http://localhost:3251@Bat,false
1784894920405,Bee,Explore,null,false
1784894921212,Bat,Dance,http://localhost:3251@bear,true
1784894921213,brice,Dance,http://localhost:3251@Bat,true
1784894921401,Ant,Talk,http://localhost:3251@bear,true
1784894921403,bear,Talk,http://localhost:3251@Bat,false
1784894921967,alice,Walk,http://localhost:3251@Bat,true
1784894921968,brice,Walk,http://localhost:3251@alice,true
1784894922641,alice,Exercise,http://localhost:3251@Ant,false
1784894922641,Ant,Exercise,http://localhost:3251@bear,false
1784894922767,Bee,Explore,null,true
1784894923187,bear,Fight,http://localhost:3251@Bee,false
1784894923187,Bee,Fight,http://localhost:3251@bear,false
1784894924203,Ant,Explore,null,true
1784894924203,brice,Explore,null,false
1784894925102,alice,Exercise,http://localhost:3251@brice,false
1784894925103,brice,Exercise,http://localhost:3251@alice,false
1784894925774,Bee,Dance,http://localhost:3251@brice,false
1784894925774,brice,Dance,http://localhost:3251@Bee,false
1784894925836,Bat,Dance,http://localhost:3251@bear,false
1784894925837,bear,Dance,http://localhost:3251@Ant,false
1784894926158,alice,Dance,http://localhost:3251@Ant,false
1784894926159,Ant,Dance,http://localhost:3251@Bee,true
1784894927280,Bee,Explore,null,true
1784894927335,Bat,Explore,null,false
1784894927392,alice,Talk,http://localhost:3251@brice,true
1784894927392,brice,Talk,http://localhost:3251@Bat,false
1784894928026,Ant,Sing,http://localhost:3251@alice,true
1784894928029,bear,Sing,http://localhost:3251@Ant,true
1784894928920,Bee,Fight,http://localhost:3251@alice,false
1784894928921,brice,Fight,http://localhost:3251@Bee,true
1784894929648,Ant,Talk,http://localhost:3251@alice,false
1784894929649,brice,Talk,http://localhost:3251@Ant,true
1784894929882,alice,Dance,http://localhost:3251@Bat,false
1784894929884,Bat,Dance,http://localhost:3251@bear,false
1784894930296,bear,Explore,null,false
1784894930871,Ant,Sing,http://localhost:3251@Bee,false
1784894930871,Bee,Sing,http://localhost:3251@alice,false
1784894930933,bear,Play,http://localhost:3251@brice,false
1784894930933,brice,Play,http://localhost:3251@bear,false
1784894932127,Ant,Exercise,http://localhost:3251@bear,false
1784894932128,bear,Exercise,http://localhost:3251@Ant,false
1784894932181,Bat,Explore,null,true
1784894932244,alice,Walk,http://localhost:3251@Bee,true
1784894932245,Bee,Walk,http://localhost:3251@Bat,true
1784894933432,Ant,Dance,http://localhost:3251@Bee,true
1784894933434,Bat,Dance,http://localhost:3251@Ant,false
1784894933435,bear,Talk,http://localhost:3251@Bee,false
1784894933435,Bee,Talk,http://localhost:3251@bear,false
1784894933871,alice,Explore,null,true
1784894934754,brice,Explore,null,false
1784894935121,Bat,Explore,null,false
1784894935122,bear,Explore,null,false
1784894935122,Bee,Explore,null,false
1784894935564,alice,Explore,null,false
1784894936264,alice,Sing,http://localhost:3251@Ant,true
1784894936264,Ant,Sing,http://localhost:3251@alice,false
1784894937213,bear,Play,http://localhost:3251@brice,false
1784894937214,brice,Play,http://localhost:3251@bear,false
1784894937528,Bee,Explore,null,true
1784894938217,Bat,Explore,null,false
1784894938586,Bat,Fight,http://localhost:3251@Bee,false
1784894938588,Bee,Fight,http://localhost:3251@alice,true
1784894938649,alice,Explore,null,false
1784894938649,Ant,Explore,null,false
1784894939601,brice,Explore,null,true
1784894940201,bear,Explore,null,true
1784894940264,Bat,Explore,null,true
1784894940625,Ant,Play,http://localhost:3251@bear,false
1784894940626,brice,Play,http://localhost:3251@Ant,false
1784894941496,bear,Walk,http://localhost:3251@alice,false
1784894941497,Bee,Walk,http://localhost:3251@bear,false
1784894941607,alice,Explore,null,false
1784894941892,Ant,Sing,http://localhost:3251@alice,false
1784894941893,Bat,Sing,http://localhost:3251@Ant,false
1784894942308,brice,Explore,null,false
1784894942760,alice,Dance,http://localhost:3251@Bee,false
1784894942760,Bee,Dance,http://localhost:3251@brice,true
1784894942881,Ant,Talk,http://localhost:3251@alice,false
1784894942882,bear,Talk,http://localhost:3251@Ant,true
1784894943456,Bat,Explore,null,true
1784894944057,alice,Walk,http://localhost:3251@Bat,true
1784894944058,bear,Walk,http://localhost:3251@alice,false
1784894944162,Ant,Walk,http://localhost:3251@brice,true
1784894944163,Bee,Walk,http://localhost:3251@Ant,false
1784894944771,Bat,Walk,http://localhost:3251@alice,true
1784894944773,bear,Walk,http://localhost:3251@Bat,true
1784894945437,alice,Play,http://localhost:3251@Ant,true
1784894945438,bear,Play,http://localhost:3251@alice,true
1784894945790,Ant,Explore,null,false
1784894946222,Bee,Walk,http://localhost:3251@Bat,true
1784894946223,brice,Walk,http://localhost:3251@Bee,false
1784894946411,Bat,Explore,null,false
1784894947069,alice,Explore,null,false
1784894947413,Ant,Explore,null,false
1784894947530,Bee,Walk,http://localhost:3251@brice,false
1784894947531,brice,Walk,http://localhost:3251@Bat,true
1784894948169,Bat,Sing,http://localhost:3251@bear,true
1784894948170,bear,Sing,http://localhost:3251@Ant,true
1784894948811,alice,Walk,http://localhost:3251@Bee,true
1784894948813,Bee,Walk,http://localhost:3251@Bat,true
1784894948991,Ant,Explore,null,false
1784894950131,Ant,Sing,http://localhost:3251@Bee,false
1784894950131,Bee,Sing,http://localhost:3251@alice,true
1784894950235,alice,Play,http://localhost:3251@Ant,false
1784894950236,brice,Play,http://localhost:3251@alice,false
1784894950437,bear,Explore,null,true
1784894950499,Bat,Explore,null,false
1784894951124,Ant,Fight,http://localhost:3251@Bat,true
1784894951125,Bat,Fight,http://localhost:3251@Ant,false
1784894952348,Bee,Explore,null,true
1784894952662,alice,Exercise,http://localhost:3251@brice,false
1784894952663,Ant,Exercise,http://localhost:3251@alice,true
1784894952852,bear,Explore,null,true
1784894953518,Bat,Explore,null,false
1784894953898,Bat,Talk,http://localhost:3251@brice,true
1784894953899,brice,Talk,http://localhost:3251@Bat,false
1784894954681,Ant,Sing,http://localhost:3251@alice,false
1784894954682,Bee,Sing,http://localhost:3251@Ant,false
1784894954732,alice,Walk,http://localhost:3251@Bat,true
1784894954733,bear,Walk,http://localhost:3251@alice,true
1784894955482,brice,Explore,null,true
1784894955588,Ant,Fight,http://localhost:3251@Bat,true
1784894955588,Bat,Fight,http://localhost:3251@bear,true
1784894956627,alice,Play,http://localhost:3251@Ant,true
1784894956631,brice,Play,http://localhost:3251@alice,true
1784894957145,Ant,Explore,null,false
1784894957202,alice,Fight,http://localhost:3251@Bat,true
1784894957202,Bat,Fight,http://localhost:3251@bear,true
1784894957530,Bee,Explore,null,true
1784894958243,bear,Explore,null,false
1784894958369,alice,Exercise,http://localhost:3251@brice,false
1784894958370,Ant,Exercise,http://localhost:3251@alice,false
1784894958759,Bat,Explore,null,true
1784894959160,bear,Walk,http://localhost:3251@brice,false
1784894959160,brice,Walk,http://localhost:3251@Bat,true
1784894959960,Ant,Explore,null,false
1784894960013,Bat,Walk,http://localhost:3251@alice,true
1784894960013,brice,Walk,http://localhost:3251@Bat,true
1784894960389,Bee,Fight,http://localhost:3251@alice,true
1784894960390,brice,Fight,http://localhost:3251@Bee,false
1784894961010,alice,Play,http://localhost:3251@Ant,false
1784894961010,Bat,Play,http://localhost:3251@alice,true
1784894961172,Ant,Dance,http://localhost:3251@Bee,true
1784894961172,bear,Dance,http://localhost:3251@Ant,false
1784894961711,alice,Sing,http://localhost:3251@brice,true
1784894961711,brice,Sing,http://localhost:3251@Ant,false
1784894962607,Bat,Explore,null,true
1784894962783,bear,Explore,null,false
1784894963132,Ant,Walk,http://localhost:3251@brice,false
1784894963133,brice,Walk,http://localhost:3251@Ant,false
1784894963524,alice,Exercise,http://localhost:3251@brice,false
1784894963524,Bat,Exercise,http://localhost:3251@alice,false
1784894964091,bear,Dance,http://localhost:3251@Ant,false
1784894964092,brice,Dance,http://localhost:3251@bear,true
1784894965120,Bat,Explore,null,true
1784894965282,Ant,Sing,http://localhost:3251@bear,false
1784894965282,bear,Sing,http://localhost:3251@Ant,true
1784894965340,alice,Dance,http://localhost:3251@Bee,true
1784894965342,Bee,Dance,http://localhost:3251@alice,false
1784894966588,alice,Walk,http://localhost:3251@Bat,true
1784894966589,brice,Walk,http://localhost:3251@alice,true
1784894966648,Bat,Explore,null,true
1784894966829,Ant,Explore,null,true
1784894966830,bear,Explore,null,true
1784894966933,alice,Fight,http://localhost:3251@Bee,true
1784894966933,Bee,Fight,http://localhost:3251@alice,false
1784894967830,Bat,Play,http://localhost:3251@brice,true
1784894967831,brice,Play,http://localhost:3251@bear,true
1784894968057,Ant,Play,http://localhost:3251@bear,false
1784894968058,Bee,Play,http://localhost:3251@Ant,false
1784894968333,bear,Explore,null,false
1784894969112,Ant,Fight,http://localhost:3251@Bat,true
1784894969113,bear,Play,http://localhost:3251@brice,true
1784894969113,Bee,Fight,http://localhost:3251@Ant,true
1784894969113,brice,Play,http://localhost:3251@bear,false
1784894969215,alice,Explore,null,true
1784894969845,Bat,Walk,http://localhost:3251@alice,true
1784894969848,Bee,Walk,http://localhost:3251@Bat,false
1784894971091,Ant,Walk,http://localhost:3251@brice,true
1784894971093,brice,Walk,http://localhost:3251@Ant,false
1784894971497,Bat,Fight,http://localhost:3251@bear,true
1784894971498,brice,Fight,http://localhost:3251@Bat,true
1784894972148,alice,Explore,null,true
1784894972658,Ant,Explore,null,false
1784894973161,Ant,Talk,http://localhost:3251@brice,true
1784894973161,brice,Talk,http://localhost:3251@Bat,true
1784894973283,bear,Explore,null,false
1784894973817,alice,Play,http://localhost:3251@Bee,true
1784894973819,Bee,Play,http://localhost:3251@Ant,true
1784894974499,bear,Play,http://localhost:3251@brice,false
1784894974500,brice,Play,http://localhost:3251@bear,false
1784894975357,alice,Sing,http://localhost:3251@Bat,false
1784894975358,Bat,Sing,http://localhost:3251@brice,false
1784894975465,Ant,Talk,http://localhost:3251@brice,true
1784894975466,brice,Talk,http://localhost:3251@Bat,false
1784894977091,bear,Sing,http://localhost:3251@Ant,false
1784894977093,brice,Sing,http://localhost:3251@bear,false
1784894977325,alice,Dance,http://localhost:3251@Bat,true
1784894977326,Bat,Dance,http://localhost:3251@bear,true
1784894978265,Ant,Exercise,http://localhost:3251@bear,true
1784894978266,bear,Exercise,http://localhost:3251@brice,true
1784894978428,Bee,Walk,http://localhost:3251@Bat,true
1784894978429,brice,Walk,http://localhost:3251@Bee,true
1784894979195,Ant,Walk,http://localhost:3251@Bat,false
1784894979195,Bat,Walk,http://localhost:3251@alice,false
1784894979361,alice,Talk,http://localhost:3251@brice,false
1784894979362,brice,Talk,http://localhost:3251@Bat,false
1784894979473,bear,Sing,http://localhost:3251@Ant,true
1784894979473,Bee,Sing,http://localhost:3251@bear,true
1784894980380,alice,Fight,http://localhost:3251@bear,false
1784894980380,bear,Fight,http://localhost:3251@alice,true
1784894980789,Bat,Explore,null,false
1784894980847,Ant,Fight,http://localhost:3251@Bat,false
1784894980848,brice,Fight,http://localhost:3251@Ant,true
1784894981507,alice,Play,http://localhost:3251@Bee,false
1784894981510,Bee,Play,http://localhost:3251@Ant,true
1784894982186,alice,Play,http://localhost:3251@brice,false
1784894982187,brice,Play,http://localhost:3251@bear,false
1784894982417,Bat,Explore,null,true
1784894983046,Ant,Sing,http://localhost:3251@bear,true
1784894983046,bear,Sing,http://localhost:3251@Ant,false
1784894983108,Bee,Explore,null,false
1784894983451,Ant,Talk,http://localhost:3251@Bat,false
1784894983452,Bat,Talk,http://localhost:3251@brice,true
1784894983827,alice,Explore,null,false
1784894984683,bear,Explore,null,true
1784894984746,Bee,Explore,null,false
1784894985115,Bat,Explore,null,false
1784894985168,Ant,Explore,null,true
1784894985289,brice,Explore,null,false
1784894985777,Ant,Talk,http://localhost:3251@bear,true
1784894985778,bear,Talk,http://localhost:3251@Bat,true
1784894986151,Bat,Sing,http://localhost:3251@Bee,true
1784894986151,Bee,Sing,http://localhost:3251@alice,false
1784894986847,Ant,Talk,http://localhost:3251@alice,false
1784894986849,brice,Talk,http://localhost:3251@Ant,false
1784894987435,bear,Explore,null,true
1784894987507,Ant,Dance,http://localhost:3251@Bat,true
1784894987509,Bat,Dance,http://localhost:3251@bear,true
1784894988195,alice,Walk,http://localhost:3251@Bee,true
1784894988195,Ant,Walk,http://localhost:3251@brice,true
1784894988196,Bee,Walk,http://localhost:3251@Bat,true
1784894988196,brice,Walk,http://localhost:3251@Bat,true
1784894988826,Bat,Dance,http://localhost:3251@bear,true
1784894988827,bear,Dance,http://localhost:3251@Ant,true
1784894989237,Ant,Talk,http://localhost:3251@alice,true
1784894989238,Bat,Talk,http://localhost:3251@Ant,false
1784894990270,bear,Sing,http://localhost:3251@Bee,true
1784894990271,Bee,Sing,http://localhost:3251@alice,false
1784894990580,alice,Explore,null,false
1784894990951,Ant,Explore,null,true
1784894991704,alice,Walk,http://localhost:3251@bear,true
1784894991705,bear,Walk,http://localhost:3251@alice,false
1784894991952,Bat,Exercise,http://localhost:3251@brice,true
1784894991953,brice,Exercise,http://localhost:3251@Bat,false
1784894992704,bear,Fight,http://localhost:3251@Bee,true
1784894992704,Bee,Fight,http://localhost:3251@alice,false
1784894993040,alice,Play,http://localhost:3251@Ant,false
1784894993041,brice,Play,http://localhost:3251@alice,true
1784894993341,Ant,Play,http://localhost:3251@Bat,true
1784894993342,Bat,Play,http://localhost:3251@alice,false
1784894993796,Bat,Talk,http://localhost:3251@Bee,true
1784894993797,Bee,Talk,http://localhost:3251@bear,true
1784894993873,Ant,Exercise,http://localhost:3251@bear,true
1784894993874,bear,Exercise,http://localhost:3251@brice,false
1784894995060,Bat,Exercise,http://localhost:3251@bear,false
1784894995061,bear,Exercise,http://localhost:3251@brice,false
1784894995284,brice,Explore,null,false
1784894995400,Bee,Explore,null,true
1784894995753,alice,Play,http://localhost:3251@Ant,true
1784894995754,Bat,Play,http://localhost:3251@alice,false
1784894996532,Bat,Sing,http://localhost:3251@brice,false
1784894996534,brice,Sing,http://localhost:3251@Ant,false
1784894996721,Ant,Explore,null,true
1784894997391,Bat,Walk,http://localhost:3251@Bee,false
1784894997392,Bee,Walk,http://localhost:3251@Bat,false
1784894997557,alice,Fight,http://localhost:3251@brice,true
1784894997558,brice,Fight,http://localhost:3251@Bat,true
1784894998023,Ant,Walk,http://localhost:3251@brice,false
1784894998024,Bee,Walk,http://localhost:3251@Ant,true
1784894999320,bear,Explore,null,true
1784894999384,Ant,Walk,http://localhost:3251@brice,true
1784894999385,brice,Walk,http://localhost:3251@Ant,false
1784895000016,alice,Explore,null,true
1784895000406,Bat,Explore,null,true
1784895000984,Ant,Explore,null,false
1784895001812,Bat,Exercise,http://localhost:3251@bear,true
1784895001813,bear,Exercise,http://localhost:3251@brice,false
1784895002215,Ant,Play,http://localhost:3251@bear,false
1784895002215,brice,Play,http://localhost:3251@Ant,false
1784895002329,Bat,Fight,http://localhost:3251@Bee,false
1784895002330,Bee,Fight,http://localhost:3251@alice,true
1784895003241,alice,Sing,http://localhost:3251@bear,true
1784895003241,Bat,Sing,http://localhost:3251@alice,true
1784895003411,bear,Explore,null,false
1784895003473,Bee,Exercise,http://localhost:3251@brice,false
1784895003474,brice,Exercise,http://localhost:3251@Bat,true
1784895004182,Ant,Sing,http://localhost:3251@alice,true
1784895004183,bear,Sing,http://localhost:3251@Ant,true
1784895004405,Bat,Exercise,http://localhost:3251@brice,true
1784895004406,Bee,Exercise,http://localhost:3251@Bat,true
1784895005164,alice,Play,http://localhost:3251@Ant,true
1784895005164,Bee,Play,http://localhost:3251@alice,true
1784895005434,Ant,Sing,http://localhost:3251@brice,true
1784895005435,brice,Sing,http://localhost:3251@Ant,true
1784895006059,Bat,Fight,http://localhost:3251@bear,true
1784895006060,brice,Fight,http://localhost:3251@Bat,true
1784895006478,alice,Sing,http://localhost:3251@bear,false
1784895006480,Ant,Talk,http://localhost:3251@alice,false
1784895006480,Bat,Talk,http://localhost:3251@Ant,false
1784895006481,bear,Sing,http://localhost:3251@alice,false
1784895006836,bear,Talk,http://localhost:3251@Bee,true
1784895006837,Bee,Talk,http://localhost:3251@bear,true
1784895007372,Bat,Walk,http://localhost:3251@brice,true
1784895007372,brice,Walk,http://localhost:3251@Bat,false
1784895008056,Ant,Explore,null,true
1784895008109,Bat,Play,http://localhost:3251@Bee,false
1784895008109,Bee,Play,http://localhost:3251@Ant,true
1784895008334,bear,Fight,http://localhost:3251@brice,true
1784895008335,brice,Fight,http://localhost:3251@Bat,true
1784895008790,alice,Fight,http://localhost:3251@bear,true
1784895008790,Bat,Fight,http://localhost:3251@alice,false
1784895009333,Ant,Dance,http://localhost:3251@Bee,true
1784895009334,bear,Dance,http://localhost:3251@Ant,false
1784895010047,Bee,Fight,http://localhost:3251@brice,true
1784895010047,brice,Fight,http://localhost:3251@Bat,true
1784895010321,alice,Explore,null,false
1784895010944,Bat,Explore,null,true
1784895011560,alice,Sing,http://localhost:3251@bear,true
1784895011560,Bat,Sing,http://localhost:3251@alice,false
1784895012555,alice,Play,http://localhost:3251@Ant,true
1784895012556,Ant,Play,http://localhost:3251@bear,false
1784895012831,Bat,Walk,http://localhost:3251@alice,false
1784895012832,brice,Walk,http://localhost:3251@Bat,false
1784895013651,alice,Walk,http://localhost:3251@bear,true
1784895013651,bear,Walk,http://localhost:3251@alice,true
1784895013966,Bat,Exercise,http://localhost:3251@brice,false
1784895013968,Bee,Exercise,http://localhost:3251@Bat,true
1784895014760,Ant,Explore,null,true
1784895014761,Bee,Sing,http://localhost:3251@brice,false
1784895014762,brice,Sing,http://localhost:3251@Ant,false
1784895015338,bear,Explore,null,true
1784895016062,alice,Explore,null,false
1784895016121,Bat,Dance,http://localhost:3251@Bee,false
1784895016121,Bee,Dance,http://localhost:3251@brice,false
1784895017108,Ant,Explore,null,true
1784895017462,Bat,Walk,http://localhost:3251@alice,true
1784895017463,brice,Walk,http://localhost:3251@Bat,true
1784895017624,bear,Explore,null,true
1784895018013,alice,Dance,http://localhost:3251@Bee,false
1784895018014,Ant,Dance,http://localhost:3251@alice,true
1784895018620,bear,Talk,http://localhost:3251@Bat,true
1784895018621,Bee,Talk,http://localhost:3251@bear,false
1784895019061,Ant,Fight,http://localhost:3251@Bat,false
1784895019062,Bat,Fight,http://localhost:3251@Ant,true
1784895020155,Ant,Play,http://localhost:3251@brice,false
1784895020156,brice,Play,http://localhost:3251@bear,false
1784895020335,Bee,Explore,null,true
1784895020461,alice,Explore,null,false
1784895020937,bear,Explore,null,false
1784895021474,alice,Play,http://localhost:3251@brice,true
1784895021476,brice,Play,http://localhost:3251@bear,false
1784895022220,alice,Exercise,http://localhost:3251@Bee,true
1784895022221,Bee,Exercise,http://localhost:3251@brice,true
1784895022786,bear,Exercise,http://localhost:3251@brice,false
1784895022787,brice,Exercise,http://localhost:3251@Bat,true
1784895023589,alice,Sing,http://localhost:3251@bear,true
1784895023590,Bat,Sing,http://localhost:3251@alice,true
1784895023904,Bee,Explore,null,true
1784895024583,Ant,Explore,null,false
1784895024834,alice,Dance,http://localhost:3251@bear,true
1784895024834,bear,Dance,http://localhost:3251@Ant,false
1784895025568,Bee,Explore,null,true
1784895026190,alice,Walk,http://localhost:3251@Bat,false
1784895026190,Ant,Walk,http://localhost:3251@alice,true
1784895026504,bear,Explore,null,true
1784895027008,Ant,Sing,http://localhost:3251@Bee,true
1784895027009,Bee,Sing,http://localhost:3251@alice,false
1784895027486,alice,Exercise,http://localhost:3251@brice,false
1784895027486,bear,Exercise,http://localhost:3251@alice,true
1784895028034,alice,Exercise,http://localhost:3251@brice,false
1784895028035,brice,Exercise,http://localhost:3251@Bat,false
1784895028531,Bat,Explore,null,false
1784895028646,Ant,Explore,null,true
1784895029524,Bat,Play,http://localhost:3251@Bee,true
1784895029526,Bee,Play,http://localhost:3251@Ant,true
1784895029587,alice,Explore,null,true
1784895029879,bear,Fight,http://localhost:3251@Bee,true
1784895029880,brice,Fight,http://localhost:3251@bear,true
1784895030806,alice,Walk,http://localhost:3251@Bee,true
1784895030807,Bat,Dance,http://localhost:3251@bear,true
1784895030807,Bee,Walk,http://localhost:3251@Bat,true
1784895030807,brice,Dance,http://localhost:3251@Bat,true
1784895030868,Ant,Explore,null,false
1784895032050,alice,Exercise,http://localhost:3251@Ant,true
1784895032051,Ant,Exercise,http://localhost:3251@bear,true
1784895032157,Bat,Dance,http://localhost:3251@bear,false
1784895032157,bear,Dance,http://localhost:3251@Bat,false
1784895032399,Bee,Explore,null,true
1784895033708,Bat,Explore,null,false
1784895034052,bear,Sing,http://localhost:3251@Ant,true
1784895034053,Bee,Sing,http://localhost:3251@bear,true
1784895034218,alice,Explore,null,true
1784895034996,Bat,Fight,http://localhost:3251@bear,true
1784895034996,bear,Fight,http://localhost:3251@Bee,true
1784895035174,brice,Explore,null,false
1784895035467,alice,Walk,http://localhost:3251@Bat,true
1784895035468,Bee,Walk,http://localhost:3251@alice,true
1784895035704,Ant,Exercise,http://localhost:3251@bear,true
1784895035705,Bat,Exercise,http://localhost:3251@Ant,false
1784895036161,Bat,Fight,http://localhost:3251@brice,false
1784895036162,brice,Fight,http://localhost:3251@Bat,true
1784895036570,bear,Explore,null,true
1784895037318,Ant,Exercise,http://localhost:3251@Bat,false
1784895037318,Bat,Exercise,http://localhost:3251@brice,false
1784895037658,Bee,Explore,null,false
1784895037952,bear,Exercise,http://localhost:3251@brice,true
1784895037953,brice,Exercise,http://localhost:3251@Bat,true
1784895038736,bear,Talk,http://localhost:3251@Bee,true
1784895038736,Bee,Talk,http://localhost:3251@bear,false
1784895039125,Bat,Exercise,http://localhost:3251@brice,true
1784895039126,brice,Exercise,http://localhost:3251@Bat,true
1784895039457,Ant,Explore,null,true
1784895040293,bear,Explore,null,false
1784895040294,Bee,Explore,null,false
1784895041615,Ant,Sing,http://localhost:3251@Bee,true
1784895041616,Bat,Dance,http://localhost:3251@bear,true
1784895041616,bear,Dance,http://localhost:3251@Ant,true
1784895041616,Bee,Sing,http://localhost:3251@alice,false
1784895041666,alice,Explore,null,false
1784895042083,brice,Explore,null,false
1784895042917,alice,Dance,http://localhost:3251@Bee,true
1784895042917,Bee,Dance,http://localhost:3251@alice,false
1784895043494,Ant,Dance,http://localhost:3251@Bat,true
1784895043495,Bat,Dance,http://localhost:3251@bear,false
1784895044221,Bat,Play,http://localhost:3251@Bee,false
1784895044222,Bee,Play,http://localhost:3251@Ant,false
1784895044473,bear,Explore,null,true
1784895045205,Ant,Explore,null,false
1784895045268,alice,Explore,null,true
1784895045855,Bee,Explore,null,true
1784895046107,bear,Explore,null,false
1784895046911,alice,Explore,null,true
1784895047462,Bat,Exercise,http://localhost:3251@brice,true
1784895047463,bear,Play,http://localhost:3251@brice,false
1784895047464,Bee,Play,http://localhost:3251@bear,false
1784895047464,brice,Exercise,http://localhost:3251@Bat,false
1784895047524,Ant,Explore,null,false
1784895047963,alice,Fight,http://localhost:3251@bear,false
1784895047963,Ant,Fight,http://localhost:3251@alice,false
1784895048834,alice,Dance,http://localhost:3251@Bat,false
1784895048834,Bat,Dance,http://localhost:3251@bear,true
1784895048896,Ant,Dance,http://localhost:3251@brice,true
1784895048897,brice,Dance,http://localhost:3251@Bat,true
1784895049145,Bee,Explore,null,false
1784895050562,Bat,Explore,null,true
1784895050562,bear,Explore,null,true
1784895050612,alice,Fight,http://localhost:3251@bear,false
1784895050612,Bee,Fight,http://localhost:3251@alice,true
1784895051193,Ant,Explore,null,false
1784895051886,Bat,Walk,http://localhost:3251@alice,true
1784895051887,Bee,Walk,http://localhost:3251@Bat,true
1784895052367,bear,Play,http://localhost:3251@brice,true
1784895052368,brice,Play,http://localhost:3251@bear,true
1784895052935,alice,Explore,null,true
1784895052935,Bat,Talk,http://localhost:3251@brice,true
1784895052936,bear,Talk,http://localhost:3251@Bat,false
1784895053557,Bee,Explore,null,true
1784895054635,brice,Explore,null,true
1784895054886,Ant,Dance,http://localhost:3251@Bee,false
1784895054887,Bee,Dance,http://localhost:3251@brice,false
1784895055158,Bat,Explore,null,false
1784895055159,bear,Explore,null,false
1784895055323,alice,Talk,http://localhost:3251@bear,true
1784895055324,brice,Talk,http://localhost:3251@alice,true
1784895056661,Bat,Explore,null,false
1784895056662,bear,Explore,null,false
1784895057038,Ant,Explore,null,true
1784895057705,Bee,Explore,null,false
1784895058081,Ant,Fight,http://localhost:3251@Bat,true
1784895058082,bear,Fight,http://localhost:3251@Ant,true
1784895058134,alice,Explore,null,true
1784895058964,bear,Talk,http://localhost:3251@brice,true
1784895058965,brice,Talk,http://localhost:3251@Bat,true
1784895059016,alice,Walk,http://localhost:3251@Bee,false
1784895059016,Bee,Walk,http://localhost:3251@Bat,true
1784895059604,Bat,Explore,null,true
1784895060333,bear,Play,http://localhost:3251@Bee,false
1784895060334,Bee,Play,http://localhost:3251@Ant,false
1784895060696,Ant,Dance,http://localhost:3251@Bee,true
1784895060697,brice,Dance,http://localhost:3251@Ant,false
1784895061123,alice,Dance,http://localhost:3251@Bee,true
1784895061124,bear,Dance,http://localhost:3251@alice,true
1784895061670,Bee,Sing,http://localhost:3251@alice,false
1784895061671,brice,Sing,http://localhost:3251@Bee,true
